name,artist,artist_followers,artist_genres,artist_popularity,song_popularity,album,release_date,duration_ms
Dönsen Bile,Ferdi Özbeğen,274779,"arabesk, anatolian rock, turkish pop",61,73,Sizin Seçtikleriniz,1986,203653
Bir Derdim Var,mor ve ötesi,2607858,"anatolian rock, turkish pop",63,68,Dünya Yalan Söylüyor,2004-04-16,204320
Olsun,Sertab Erener,2310274,turkish pop,68,67,Kırık Kalpler Albümü,2016-06-03,287927
Bana Sor,Ferdi Tayfur,1399340,arabesk,60,7,Hoşçakal,1990-10-16,361666
Sultan-ı Yegah,Nur Yoldas,19607,"anatolian rock, turkish pop",42,58,Sultan-ı Yegah,1998-06-11,193666
Biri Vardı,Pera,786489,,55,60,En Güzel Mevsimim,2016-01-29,250327
Ne Güzel Güldün,Pinhani,2397918,"turkish pop, anatolian rock",61,60,Zaman Beklemez,2008-04-18,284398
Düşler Sokağı,Feridun Düzağaç,837070,"anatolian rock, turkish pop",49,42,Uzun Uzun,2004-01-01,267493
Begonvil,Dorukhan,687,turkish pop,11,27,Begonvil,2022-06-10,188776
Dön Ne Olur (Live),Melike Şahin,1849859,"turkish pop, arabesk",65,0,Harbiye 2022 (Live),2023-03-24,285477
Ben Seni Ararım,Hakan Yılmaz,6160,"karadeniz folk, anatolian rock",32,15,Gül Ayini,2024-12-16,243321
Geçmedi Zamanla,Egemen Akkol,8268,,33,28,Geçmedi Zamanla,2024-01-26,165000
Son Durağın,Kahraman Deniz,1108044,turkish pop,61,68,Son Durağın,2022-01-21,236630
Koparılan Çiçekler,Sertab Erener,2310274,turkish pop,68,56,Rengarenk,2010-06-02,267413
Paranoya,Melis Fis,273889,turkish pop,50,29,MELODRAM,2023-11-24,200376
Bazen Neşe Bazen Keder,İlhan İrem,193824,"anatolian rock, turkish pop, arabesk",46,20,Bir Meleğe Aşık Oldum - The Best Of İlhan İrem 4,2016-10-28,163106
Mahşer,Gökhan Türkmen,1514692,turkish pop,67,65,Mahşer,2022-04-08,271108
Gel Barışalım Artık,Sertab Erener,2310274,turkish pop,68,53,Lâ'l,1994-10-14,219977
Emret Öleyim,Sibel Can,1728559,"arabesk, turkish pop",61,51,Daha Yolun Başındayım,1999-11-12,266200
Bu Saatten Sonra,İkilem,357546,turkish pop,55,63,Bu Saatten Sonra,2021-12-10,231369
Bekle Dedi Gitti - Çizik,Kaan Tangöze,387895,anatolian rock,49,62,Gölge Etme,2015-09-22,277315
Öyle Dertli,Duman,7441445,"anatolian rock, turkish pop",67,57,Darmaduman,2013-09-12,301734
Haydi Söyle,Kalben,1219649,turkish pop,63,62,Kalben,2016-02-05,166048
Seni Unutmaya Ömrüm Yeter mi,Ümit Besen,731704,"arabesk, turkish pop",53,66,Başka,2016-06-17,224505
Ben Ne Yangınlar Gordüm,Zakkum,1223721,"turkish pop, arabesk, anatolian rock",56,59,Her Gün Sonbahar,2013-09-25,233746
Ölürüm Hasretinle,Seksendört,1466688,"turkish pop, anatolian rock",60,63,Seksendört,2005-01-01,287788
Kendime Yalan Söyledim,Seksendört,1466688,"turkish pop, anatolian rock",60,4,Akiyor Zaman,2011-01-01,267080
Anason,Zakkum,1223721,"turkish pop, arabesk, anatolian rock",56,61,13,2011-02-10,275304
Haydi Gel İçelim,Yüksek Sadakat,1425388,"turkish pop, anatolian rock",57,62,Katil & Maktül,2008,250440
Cevapsız Sorular,maNga,2732574,"anatolian rock, turkish pop",59,64,Şehr-i Hüzün,2009-11-09,272040
Bir Kadın Çizeceksin,maNga,2732574,"anatolian rock, turkish pop",59,57,maNga +,2004-01-27,239613
Cambaz,mor ve ötesi,2607858,"anatolian rock, turkish pop",63,67,Dünya Yalan Söylüyor,2004-04-16,230600
Dünyanın Sonuna Doğmuşum,maNga,2732574,"anatolian rock, turkish pop",59,60,Şehr-i Hüzün,2009-11-09,260493
We Could Be The Same - Istanbul,maNga,2732574,"anatolian rock, turkish pop",59,54,We Could Be The Same,2010-04-16,183136
Beni Aşka İnandır,Kolpa,1040755,turkish pop,57,65,Yatağın Soğuk Tarafı,2011-01-01,253654
Yalnızlığın Çaresini Bulmuşlar,Gripin,1634823,"turkish pop, anatolian rock",61,64,Yalnızlığın Çaresini Bulmuşlar,2012-11-07,226768
Aşk Nerden Nereye,Gripin,1634823,"turkish pop, anatolian rock",61,68,Yalnızlığın Çaresini Bulmuşlar,2012-11-07,297195
Işıkları Söndürseler Bile,maNga,2732574,"anatolian rock, turkish pop",59,2,Işıkları Söndürseler Bile,2014-04-14,268935
Alaz Alaz,Buray,2083364,turkish pop,63,58,Başka Hikayeler,2021-02-26,179271
Dünyadan Uzak,Sakiler,522782,"turkish pop, arabesk",57,54,Dünyadan Uzak,2020-12-18,218387
Kusura Bakma,Tuğkan,1424833,turkish pop,57,63,Kusura Bakma,2020-10-30,155500
Daha Mutlu Olamam,mor ve ötesi,2607858,"anatolian rock, turkish pop",63,62,Gül Kendine,2001-01-01,220333
Seni Dert Etmeler,Madrigal,1598773,turkish pop,61,68,Seni Dert Etmeler,2020-03-27,188500
Sen Varsın Diye,Yüzyüzeyken Konuşuruz,2944163,turkish pop,65,66,Sen Varsın Diye,2021-07-02,226306
Barbar,Kaan Boşnak,1145308,turkish pop,56,60,Barbar,2020-12-25,180606
Beyaz Skandalım,Emir Can İğrek,3212805,turkish pop,66,63,Ağır Roman,2018-11-07,215488
Kendime Yalan Söyledim,Seksendört,1466688,"turkish pop, anatolian rock",60,4,Akiyor Zaman,2011-01-01,267080
Mecbursun,Sertab Erener,2310274,turkish pop,68,62,Lâ'l,1994-10-14,233613
İyileşiyorum,Sertab Erener,2310274,turkish pop,68,62,Sade,2013-04-13,257760
İstanbul,Sertab Erener,2310274,turkish pop,68,52,Rengarenk,2010-06-02,213680
Vazgeçtim Ben Bugün,Gripin,1634823,"turkish pop, anatolian rock",61,57,Yalnızlığın Çaresini Bulmuşlar,2012-11-07,244897
Dursun Zaman (feat. Göksel),maNga,2732574,"anatolian rock, turkish pop",59,62,maNga +,2004-01-27,295866
Beni Benimle Bırak,maNga,2732574,"anatolian rock, turkish pop",59,55,Şehr-i Hüzün,2009-11-09,209973
Sokak Lambası,yirmi7,270647,turkish pop,51,63,Sokak Lambası,2016-06-20,252598
Evleniyormuşsun Bugün,Bağzıları,507388,,47,61,Gece Lambası,2018-05-25,258600
ıslak kum,Contra,1201329,turkish hip hop,55,57,ıslak kum,2020-11-13,186721
Hayir Olamaz,Seksendört,1466688,"turkish pop, anatolian rock",60,1,Akiyor Zaman,2011-01-01,204333
Aşk Yok Olmaktır,Mabel Matiz,5450427,turkish pop,67,66,Yaşım Çocuk,2012-12-28,223529
Aman Aman,Duman,7441445,"anatolian rock, turkish pop",67,65,Seni Kendime Sakladım,2005-07-04,245066
Kırmış Kalbini,Duman,7441445,"anatolian rock, turkish pop",67,58,Belki Alışman Lazım,2002-10-16,279120
Haberin Yok Ölüyorum,Duman,7441445,"anatolian rock, turkish pop",67,60,Belki Alışman Lazım,2002-10-16,361080
Sen Ağlama,Badem,349595,"anatolian rock, turkish pop",47,60,Badem,2003-05-19,221600
Belki Üstümüzden Bir Kuş Geçer,Yüksek Sadakat,1425388,"turkish pop, anatolian rock",57,65,Yüksek Sadakat,2005-04-21,269506
Dibine Kadar,Duman,7441445,"anatolian rock, turkish pop",67,62,Duman 1,2010-07-06,228506
Yıldızlara Bak,Yaşlı Amca,1675746,,57,61,Yaşlı Amca,2020-01-10,240533
Hoşçakal,emre aydın,1161537,turkish pop,61,62,Kağıt Evler,2010-11-01,226360
Anlayamazsın,Seksendört,1466688,"turkish pop, anatolian rock",60,2,Anlayamazsın,2018-06-12,242389
Düşler Sokağı,Feridun Düzağaç,837070,"anatolian rock, turkish pop",49,57,Orjinal Alt Yazılı,2013-03-11,269960
Hayalet Sevgilim,Irem,64663,turkish pop,52,68,Hayalet Sevgilim,2006-02-15,288680
Bu Akşam Ölürüm,Murat Kekilli,226189,"anatolian rock, arabesk, turkish pop",46,3,Vay Be,2000-04-05,250906
Cesaretin Var mı Aşka,Gülay Sezer,76432,"arabesk, turkish pop",48,64,Adı Yok,2004-11-24,214180
Yanarım,Sertab Erener,2310274,turkish pop,68,59,Sertab Erener,1999-03-24,195800
Açık Adres - Akustik,Sertab Erener,2310274,turkish pop,68,40,Rengarenk,2010-06-02,272320
Gittiğinde,Göksel,1782533,turkish pop,63,62,Sen Orda Yoksun,2015-01-01,207566
Dünya'm,Ozbi,568113,"turkish hip hop, turkish pop",56,0,Dünya'm 20:24,2020-08-07,179528
Sensiz Sabah Olmuyor,Ayçin Asan,70146,"arabesk, turkish pop",48,39,Çiçek Gibi,2019-11-01,212606
Öyle Kolaysa,Mabel Matiz,5450427,turkish pop,67,62,Maya,2018-06-20,280170
Ölüyorum,Hayko Cepkin,867937,anatolian rock,61,63,Tanışma Bitti,2007-05-22,221253
Kafile,Yüksek Sadakat,1425388,"turkish pop, anatolian rock",57,62,Yüksek Sadakat,2005-04-21,258786
Bu Son Olsun,Cem Karaca,2015501,"anatolian rock, arabesk, turkish pop",57,54,Bu Son Olsun,2015-03-04,166000
Sensiz Ben,Pera,786489,,55,61,Giz,2013-12-10,270480
Hele Bi Gel,Pinhani,2397918,"turkish pop, anatolian rock",61,61,İnandığın Masallar,2006-03-06,231317
Nalan,Emir Can İğrek,3212805,turkish pop,66,61,Nalan,2019-09-06,199958
Dile Kolay Kalbe Değil,Zakkum,1223721,"turkish pop, arabesk, anatolian rock",56,47,Bir Gece Yarası,2016-02-05,307420
Dönsen Bile,Emir Can İğrek,3212805,turkish pop,66,44,Dönsen Bile,2019-06-20,264672
Yalan,Leyla The Band,67809,arabesk,47,0,Yalan,2017-11-07,259091
Islak Islak,Barış Akarsu,994237,"anatolian rock, karadeniz folk, turkish pop",53,8,Islak Islak,2004-12-31,286484
Kimdir O,Barış Akarsu,994237,"anatolian rock, karadeniz folk, turkish pop",53,0,Islak Islak,2004-12-31,253074
Kerkük Zindanı,Cem Karaca,2015501,"anatolian rock, arabesk, turkish pop",57,52,Bindik Bir Alamete,1999,201456
Aldırma Gönül,Hayko Cepkin,867937,anatolian rock,61,48,"Beni Büyüten Şarkılar, Vol.1",2015-12-29,208859
Bak,Pilli Bebek,510768,anatolian rock,58,69,Olsun,2007-05-17,275266
Yeni Bir Gün,Kurtalan Ekspres,26636,anatolian rock,33,0,Göğe Selam,2011-01-01,536653
Bu Aşk Fazla Sana,Şebnem Ferah,2560933,"anatolian rock, turkish pop",71,75,Kadın,2013-01-01,268515
Madalyonun Ters Yüzü,3 Hürel,124728,anatolian rock,39,36,3 Hürel (Türk Pop Tarihi),1999-01-01,180866
Dinleyiverin Gari,Moğollar,229734,"anatolian rock, oyun havasi",38,47,Moğollar Best Of / 1968-2000,2000-03-03,266135
Aman Aman,Sattas,50571,,41,36,Bir Ben Miyim,2017-03-10,252288
Birden Geldin Aklıma,Tuna Kiremitçi,148698,turkish pop,54,62,Tuna Kiremitçi ve Arkadaşları,2017-01-06,216611
Böyle Sever,Kahraman Deniz,1108044,turkish pop,61,71,19,2018-12-14,244307
Seni Yazdım,Müslüm Gürses,9481605,arabesk,69,15,Küskünüm,1986-05-22,276000
İnsan Dertli Olunca,Bergen,1772697,arabesk,55,56,Yıllar Affetmez,1998,274226
Gel Bahtımın Kar Beyazı,Müslüm Gürses,9481605,arabesk,69,8,Dünya Yalan,2001-05-11,295760
Gönül Sayfam,Arap Şükrü,170470,arabesk,49,0,Bu Şehir Beni Boğuyor,2020-04-30,505162
Bir Ömür Yetmez,Müslüm Gürses,9481605,arabesk,69,65,Aşk Tesadüfleri Sever (Mucize ve Buluşma),2006-01-01,242416
Yokluğunda,Leyla The Band,67809,arabesk,47,64,Yokluğunda,2012,250961
Olmadı Yar,Müslüm Gürses,9481605,arabesk,69,4,Dünya Yalan,2001-05-11,243426
Kül,Cem Adrian,3757762,"arabesk, turkish pop",63,62,Kül,2021-01-16,294532
Aslan Gibi,Sıla,2350187,"turkish pop, arabesk",65,58,Vaveyla,2012-12-01,234586
Vaziyetler,Sıla,2350187,"turkish pop, arabesk",65,57,Yeni Ay,2014-03-04,196066
Acısa da Öldürmez,Sıla,2350187,"turkish pop, arabesk",65,64,Konuşmadığımız Şeyler Var,2010-11-29,204626
Yine Yeni Yeniden - Yeniden Sev,maNga,2732574,"anatolian rock, turkish pop",59,1,Yine Yeni Yeniden (Yeniden Sev),2015-01-01,215465
Yıldızların Altında,Kargo,452624,"anatolian rock, turkish pop",49,64,Yıldızların Altında,2005-07-14,177580
Gökyüzünde,Zakkum,1223721,"turkish pop, arabesk, anatolian rock",56,57,Her Gün Sonbahar,2013-09-25,231933
Benimle Kayboldun,Kaan Boşnak,1145308,turkish pop,56,66,Demos,2018-06-16,189521
Elleri Ellerime,Duman,7441445,"anatolian rock, turkish pop",67,56,Duman 2,2010-07-06,256213
Beni Al,Pinhani,2397918,"turkish pop, anatolian rock",61,56,İnandığın Masallar,2006-03-06,216781
Sevmekten Usanmam,Pinhani,2397918,"turkish pop, anatolian rock",61,61,Zaman Beklemez,2008-04-18,232292
Dön Bak Dünyaya,Pinhani,2397918,"turkish pop, anatolian rock",61,55,İnandığın Masallar,2006-03-06,393531
Sevdim Seni Bir Kere,Teoman,2632299,"anatolian rock, turkish pop",64,43,"Konserler, Vol. 2",2012-01-13,347167
Zor Değil,Mabel Matiz,5450427,turkish pop,67,59,Yaşım Çocuk,2012-12-28,272169
Sultan Süleyman,Mabel Matiz,5450427,turkish pop,67,47,Aysel'in,2013-06-25,317306
Senden Daha Güzel,Duman,7441445,"anatolian rock, turkish pop",67,62,Duman 2,2010-07-06,239093
Kafama Göre,Athena,1115823,"turkish pop, anatolian rock",54,56,Altüst,2014-10-11,193792
Koca Yaşlı Şişko Dünya,Adamlar,2217051,anatolian rock,62,61,Eski Dostum Tankla Gelmiş,2014-09-08,233722
Yaz Yaz Yaz,mor ve ötesi,2607858,"anatolian rock, turkish pop",63,52,Kayıtlar 2005-2016,2016-12-20,300130
Tutamıyorum Zamanı,Kenan Doğulu,1248329,"turkish pop, t-pop",66,0,Ex Aşkım,2001-07-25,237973
Tavla,Mirkelam,315338,turkish pop,48,52,Mirkelam,1995-05-22,271426
Ellerimde Çiçekler,Arda VR.,5688,,0,0,Ellerimde Çiçekler,2022-04-01,188998
Antidepresan Gülümsemesi - Pazarlık,Model,1759049,"turkish pop, anatolian rock",64,62,Levla'nın Hikayesi (Bonus Edition),2013,255487
Ben Nası Büyük Adam Olucam,Pinhani,2397918,"turkish pop, anatolian rock",61,51,İnandığın Masallar,2006-03-06,267818
Hikayem Bitmedi,Can Bonomo,775072,"turkish pop, anatolian rock",57,58,Bulunmam Gerek,2014-01-01,184954
Köprüaltı,Duman,7441445,"anatolian rock, turkish pop",67,63,Eski Köprünün Altında,1999-11-05,291693
Bikinisinde Astronomi - Bonus Trek,Son Feci Bisiklet,1218395,,56,61,Son Feci EP,2014-02-04,181930
Elfida,Haluk Levent,1614063,"anatolian rock, turkish pop, arabesk",55,60,Akşam Üstü,2006,333640
Haykıracak Nefesim Kalmasa Bile,maNga,2732574,"anatolian rock, turkish pop",59,50,"Kimler Geldi Kimler Geçti, Vol. 1 (Fikret Şeneş Şarkıları)",2019-10-04,207500
Neredesin Sen,Neşet Ertaş,3250952,"arabesk, oyun havasi, karadeniz folk, anatolian rock",55,56,Acem Kızı,2007-06-21,236800
Adaletin Bu mu Dünya,Selda Bağcan,1503496,"anatolian rock, arabesk",59,54,Özgürlük ve Demokrasiyi Çizmek,1993-02-03,183902
Gesi Bağları,Selda Bağcan,1503496,"anatolian rock, arabesk",59,50,Türkülerimiz 1,1995-01-01,211748
Ah Bu Şarkıların Gözü Kör Olsun,Zeki Müren,831664,"arabesk, anatolian rock",52,53,Zirvedeki Şarkılar,1989-11-22,328773
Fikrimin İnce Gülü,Müzeyyen Senar,287278,"arabesk, anatolian rock",47,48,Son Aşkımı Canlandıran,1987,182565
Mihriban,Musa Eroğlu,992207,"arabesk, karadeniz folk",56,43,Bir Nefes Anadolu,2000-09-29,259066
Gitme Sana Muhtacım,Zeki Müren,831664,"arabesk, anatolian rock",52,0,Sev Beni,1989-12-22,271920
Ben de Özledim,Ferdi Tayfur,1399340,arabesk,60,52,Ben de Özledim,1982,243948
Nikah Masası,Ümit Besen,731704,"arabesk, turkish pop",53,55,Nostalji,1998-06-05,289666
Unutamadım - Kaç Kadeh Kırıldı,Müslüm Gürses,9481605,arabesk,69,13,Küskünüm,1986-05-22,269640
Mutlu Ol Yeter,Müslüm Gürses,9481605,arabesk,69,56,Mutlu Ol Yeter (Remastered),1981,265653
Her Şeyi Yak,Duman,7441445,"anatolian rock, turkish pop",67,68,Belki Alışman Lazım,2002-10-16,270280
Sen Ona Aşıksın - Kabullenme,Model,1759049,"turkish pop, anatolian rock",64,66,Levla'nın Hikayesi (Bonus Edition),2013,229496
Dinle Beni Bi',Yüzyüzeyken Konuşuruz,2944163,turkish pop,65,67,Akustik Travma,2018-02-23,144906
Uzunlar - V1,Evdeki Saat,478427,turkish pop,51,63,Uzunlar,2020-02-14,282352
Bırakma Kendini,Kaan Boşnak,1145308,turkish pop,56,63,Bırakma Kendini,2020-04-09,240626
Kendine İyi Bak,Ahmet Kaya,7305043,"arabesk, anatolian rock",71,66,Sevgi Duvarı,1990,267133
Kum Gibi,Ahmet Kaya,7305043,"arabesk, anatolian rock",71,66,Şarkılarım Dağlara,1994-05-05,270883
Yürek,Duman,7441445,"anatolian rock, turkish pop",67,64,Darmaduman,2013-09-12,251353
Pembe Mezarlık,Model,1759049,"turkish pop, anatolian rock",64,63,Diğer Masallar,2011-02-16,255346
Oyunbozan,mor ve ötesi,2607858,"anatolian rock, turkish pop",63,64,Güneşi Beklerken,2012-12-17,277328
Vurgunum,Murat Göğebakan,330518,"arabesk, anatolian rock",56,59,Aşkın Gözyaşları,2012-03-01,234933
Yaralı,Murat Göğebakan,330518,"arabesk, anatolian rock",56,56,Yaralı,2004-04-27,187960
Raf,Deeperise,334906,turkish pop,55,64,Raf,2017-05-05,247422
Benden Bu Kadar,Patron,1259904,turkish hip hop,56,52,Benden Bu Kadar,2019-09-13,212893
Siyah,Patron,1259904,turkish hip hop,56,52,Siyah,2020-06-12,225036
Sevdik de noldu sanki,Patron,1259904,turkish hip hop,56,30,EL PATRON,2021-04-09,165790
Felaket,Ezhel,7019237,"turkish hip hop, turkish pop",70,63,Felaket,2019-02-01,194772
Mekanın Sahibi,Norm Ender,2087990,turkish hip hop,64,54,Mekanın Sahibi,2019-07-19,191504
Kazıdık Tırnaklarla,Ezhel,7019237,"turkish hip hop, turkish pop",70,53,Kazıdık Tırnaklarla,2018-06-15,172608
Neyim Var Ki (feat. Sagopa K),Ceza,5152899,turkish hip hop,63,66,Rapstar,2004-07-01,206693
Holocaust,Ceza,5152899,turkish hip hop,63,60,Rapstar,2004-07-01,207746
Yerli Plaka,Ceza,5152899,turkish hip hop,63,62,Yerli Plaka,2007-02-13,274693
Fark Var,Ceza,5152899,turkish hip hop,63,56,Yerli Plaka,2007-02-13,255506
Ay Tenli Kadın,Ufuk Beydemir,752540,turkish pop,54,64,Sevda Gibi,2018-03-23,197967
Unutmak İstiyorum,Ufuk Çalışkan,63878,turkish pop,37,51,Unutmak İstiyorum,2011-06-25,240157
Bir Ateşe Attın Beni,Kamuran Akkor,611216,"arabesk, anatolian rock",59,67,Sev Yeter,2004-07-30,279754
Yediverenim,Funda Arar,1323564,"turkish pop, arabesk",63,65,Hoşgeldin,2014,205199
Sözler Şerefsiz Oldu,Norm Ender,2087990,turkish hip hop,64,64,İçinde Patlar,2010,203908
Çıktık Yine Yollara,Norm Ender,2087990,turkish hip hop,64,54,İçinde Patlar,2010,240525
Tutamıyorum Zamanı,Müslüm Gürses,9481605,arabesk,69,70,Sandık,2009-01-01,267679
Elbet Birgün Buluşacağız,Zeki Müren,831664,"arabesk, anatolian rock",52,52,Dünden Bugüne 5,1991-03-15,308506
Duydum Ki Unutmuşsun,Emel Sayın,228262,"arabesk, turkish pop",46,52,"Assolistler-Solistler Geçidi, Vol. 1",2006-10-10,221746
Serseri,Teoman,2632299,"anatolian rock, turkish pop",64,60,Eski Bir Rüya Uğruna...,2015-01-01,221155
Arsız Gönül,Athena,1115823,"turkish pop, anatolian rock",54,54,Pis,2010-01-01,260851
Mor Yazma,Umut Kaya,138020,"turkish pop, anatolian rock",48,63,Umut Kaya,2008-11-27,199041
Affet,Müslüm Gürses,9481605,arabesk,69,68,Aşk Tesadüfleri Sever (Mucize ve Buluşma),2006-01-01,279475
İstanbul Beyefendisi,Yaşlı Amca,1675746,,57,50,Akşamüstü,2017-09-01,233352
Love Me Back,Can Bonomo,775072,"turkish pop, anatolian rock",57,44,Love Me Back,2013-10-07,181745
Küllenen Aşk,Cengiz Kurtoğlu,1502994,arabesk,60,62,Unutulan...,2002-09-20,306706
"Her Akşam Votka, Rakı Ve Şarap / Sarhoş",Dario Moreno,57936,anatolian rock,41,55,Dario Moreno'suz 40 Yıl,2008-03-04,184706
Mutlu Ol Yeter,İbrahim Tatlıses,2952144,"arabesk, oyun havasi, turkish pop",67,63,Klasikleri,1995-06-23,263888
Sen Affetsen,Bergen,1772697,arabesk,55,64,Acıların Kadını,1998-06-18,265000
Unutama Beni,Esmeray,159591,"arabesk, anatolian rock",47,64,En İyileriyle Esmeray,1975,247626
Benim İçin Üzülme,Bergen,1772697,arabesk,55,57,Acıların Kadını,1998-06-18,302641
Seni Kalbimden Kovdum,Bergen,1772697,arabesk,55,54,Yıllar Affetmez,1998,319866
Gamzedeyim Deva Bulmam,Dedublüman,2312951,"arabesk, turkish pop",69,63,Gamzedeyim Deva Bulmam,2020-02-01,316800
Terlemeden Sevişenler,Teoman,2632299,"anatolian rock, turkish pop",64,39,Renkli Rüyalar Oteli,2006-01-05,275986
Kor,Emir Can İğrek,3212805,turkish pop,66,62,Kor,2021-10-08,179054
Çözemezsin,Dedublüman,2312951,"arabesk, turkish pop",69,67,Çözemezsin,2021-04-02,277166
Felfena,Emir Can İğrek,3212805,turkish pop,66,46,Felfena,2022-03-04,149750
Dünyanın En Güzel Kızı,Mavi Gri,1681202,turkish pop,61,51,Dünyanın En Güzel Kızı,2021-12-17,217687
Seni Kendime Sakladım,Duman,7441445,"anatolian rock, turkish pop",67,65,Seni Kendime Sakladım,2005-07-04,242786
Değmesin Ellerimiz,Model,1759049,"turkish pop, anatolian rock",64,69,Diğer Masallar,2011-02-16,267702
Bir Sevmek Bin Defa Ölmek Demekmiş,Barış Akarsu,994237,"anatolian rock, karadeniz folk, turkish pop",53,0,Ayrılık Zamansız Gelir,2007-11-29,248000
İstanbul'da Sonbahar,Teoman,2632299,"anatolian rock, turkish pop",64,59,Gönülçelen,2001-12-01,200160
Sevdim Seni Bir Kere,Teoman,2632299,"anatolian rock, turkish pop",64,59,Gönülçelen,2001-12-01,252733
Nazende Sevgilim,Figen Genç,126,,0,0,Nazende Sevgilim,1999-05-20,230453
Bu Kız,Son Feci Bisiklet,1218395,,56,59,Vesaire,2015-06-23,175493
Bu Havada Gidilmez,Manuş Baba,1007512,"turkish pop, arabesk",57,0,Ve Nazan Öncel Şarkıları,2018-08-17,229587
Dönersen Islık Çal,Manuş Baba,1007512,"turkish pop, arabesk",57,63,Dönersen Islık Çal,2017-04-27,211920
Eskisi Gibi,Lil Zey,444236,turkish hip hop,57,60,Eskisi Gibi,2020-07-10,186461
Seni Buldum Ya,Kaan Boşnak,1145308,turkish pop,56,55,Seni Buldum Ya,2020-10-09,233454
Dünyadan Uzak,Pinhani,2397918,"turkish pop, anatolian rock",61,49,Dünyadan Uzak,2020-03-27,247242
Gökyüzünü Tutamam,Can Koç,75407,turkish pop,46,62,Gökyüzünü Tutamam,2021-07-23,195000
Ne Ay Geceden,Sezer Sarıgöz,261588,"turkish pop, arabesk",55,64,Ne Ay Geceden,2022-01-26,199111
Sen Orda Yoksun,Göksel,1782533,turkish pop,63,66,Sen Orda Yoksun,2015-01-01,241456
Uzaktan,Göksel,1782533,turkish pop,63,68,Bende Bi' Aşk Var,2012-01-09,219872
Bu Böyle,Sertab Erener,2310274,turkish pop,68,59,Rengarenk,2010-06-02,288626
Aşk,Sertab Erener,2310274,turkish pop,68,58,Sertab Erener,1999-03-24,211200
Bir Çaresi Bulunur,Sertab Erener,2310274,turkish pop,68,59,Rengarenk,2010-06-02,216680
Vur Yüreğim,Sertab Erener,2310274,turkish pop,68,50,Sertab Erener,1999-03-24,271533
Söz Bitti,Sertab Erener,2310274,turkish pop,68,51,Turuncu,2001,260453
Rüya,Sertab Erener,2310274,turkish pop,68,54,Lâ'l,1994-10-14,279954
Kız Leyla,Sertab Erener,2310274,turkish pop,68,0,Ben Yaşarım,2020-06-12,241871
Yalnızlık Senfonisi,Sezen Aksu,13986198,"arabesk, turkish pop",74,30,Düş Bahçeleri,1996-07-14,342133
Bir Damla Gözlerimde,Sertab Erener,2310274,turkish pop,68,48,Rengarenk,2010-06-02,238493
Öyle de Güzel,Sertab Erener,2310274,turkish pop,68,40,Sade,2013-04-13,220360
Doktor,Kenan Doğulu,1248329,"turkish pop, t-pop",66,61,Aşka Türlü Şeyler,2012-07-06,212421
Ahu,Mabel Matiz,5450427,turkish pop,67,68,Gök Nerede,2015-02-23,214915
Kumralım,Yaşar,872685,turkish pop,61,72,Divane,1996,210840
Hovarda,Emel Müftüoğlu,145115,turkish pop,47,61,Hovarda,2006-01-01,251868
Sen İstanbul'sun,Gökhan Türkmen,1514692,turkish pop,67,67,En Baştan,2018-06-01,255200
Gel,Mabel Matiz,5450427,turkish pop,67,64,Gök Nerede,2015-02-23,287265
Kupa Kızı Ve Sinek Valesi,Teoman,2632299,"anatolian rock, turkish pop",64,64,Teo,2003-03-05,295066
Bal,Duman,7441445,"anatolian rock, turkish pop",67,59,Belki Alışman Lazım,2002-10-16,313733
Bu Aşk Beni Yorar,Duman,7441445,"anatolian rock, turkish pop",67,45,Duman 1,2010-07-06,249306
Beni Sen İnandır,Pinhani,2397918,"turkish pop, anatolian rock",61,60,Kediköy,2016-01-08,224716
Aşk Durdukça,Yüksek Sadakat,1425388,"turkish pop, anatolian rock",57,60,Katil & Maktül,2008,269386
Yağmur,Bertuğ Cemil,5904,"turkish pop, anatolian rock",28,0,Duygusal Tuzaklar,2006-01-01,322480
Tastamam,Can Bonomo,775072,"turkish pop, anatolian rock",57,58,Bulunmam Gerek,2014-01-01,196629
Müzik Kutusu,Emir Can İğrek,3212805,turkish pop,66,59,Ağır Roman,2018-11-07,174750
Manzaralar,Patron,1259904,turkish hip hop,56,49,"Pmc Legacy, Vol.1",2019-04-04,231862
Kafam Senden Bile Güzel,Kolpa,1040755,turkish pop,57,63,Aşk Ve Hayat Hakkında,2014-01-10,204509
Sen Beni Unutamazsın,emre aydın,1161537,turkish pop,61,63,Sen Beni Unutamazsın,2016-12-09,240476
Herşey Yolunda,Dr. Skull,20657,anatolian rock,17,20,Hershey Yolunda!? (Remastered),1994-06-16,154840
"Zamanın Gözünden, Böl. 3: An",80 Kalibre,6636,anatolian rock,12,0,Zamanın Gözünden,2020-05-26,182500
Toprak,Knight Errant,3241,,13,15,Ruhlarin Buyuk Gocu /The Grand Migration of Souls,2020-06-24,272297
Çocuk Bahçesi,Soul Sacrifice,4120,melodic death metal,11,12,Carpe Mortem,2012-07-20,294533
Dağlarda / Yakanlara,Objektif,11873,anatolian rock,25,25,Künye,2000-09-22,244088
Gecenin Rengi,Yavuz Çetin,163377,"anatolian rock, karadeniz folk",41,0,İlk,1997-11-17,232080
Saklımdasın,Erdal Güney,47479,arabesk,46,58,Aşkiya,2005-01-01,265506
Eftelya,Hakan Yesilyurt,69800,"arabesk, karadeniz folk",37,47,Eftelya,1999-12-23,209745
Oysa Bir Umuttu,Kıraç,674418,"anatolian rock, turkish pop, arabesk",56,51,Aliye (Orijinal Dizi Müzikleri),2006-08-08,144560
Sarılınca Sana,İlhan Şeşen,68896,"turkish pop, arabesk",45,54,Aşk Yalan,2005-02-23,237933
Sevda Değil,Zülfü Livaneli,555492,"anatolian rock, arabesk, turkish pop",48,0,"Bütüneserleri, Vol. 13 (Saat Dört... Yoksun)",2009-11-23,390095
Haberin Var mı?,Manuş Baba,1007512,"turkish pop, arabesk",57,58,Dönersen Islık Çal,2017-04-27,195386
Bizim Hikaye,Çağatay Akman,464648,turkish pop,51,57,Yirmi - Bir,2019-07-31,185710
Yüreğim Davacı,Çağatay Akman,464648,turkish pop,51,60,Yirmi - Bir,2019-07-31,167187
Mecnun,Buray,2083364,turkish pop,63,52,Sahiden,2016-11-11,200272
Koştum Hekime,Burak King,777772,"turkish pop, turkish hip hop",53,0,Koştum Hekime,2017-08-18,215172
Eteği Belinde,Manuş Baba,1007512,"turkish pop, arabesk",57,63,Dönersen Islık Çal,2017-04-27,205798
Ya Bu İşler Ne,Mabel Matiz,5450427,turkish pop,67,64,Maya,2018-06-20,236335
Zalım,Ceylan Ertem,611595,"turkish pop, arabesk",47,50,Zalım,2017-12-11,268207
Gel Sevelim,Ceylan Ertem,611595,"turkish pop, arabesk",47,27,Câhille Sohbeti Kestim,2020-01-17,332534
Gece Gölgenin Rahatına Bak,Çağatay Akman,464648,turkish pop,51,58,Yirmi - Bir,2019-07-31,163960
Türk Marşı,Ceza,5152899,turkish hip hop,63,52,Türk Marşı,2012-11-01,108040
Suspus,Ceza,5152899,turkish hip hop,63,61,Suspus,2015-05-06,248786
Deli,Norm Ender,2087990,turkish hip hop,64,51,Aura,2017-02-03,165088
Şehrimin Tadı,Ezhel,7019237,"turkish hip hop, turkish pop",70,63,Müptezhel,2017-05-25,253450
İmkansızım,Ezhel,7019237,"turkish hip hop, turkish pop",70,67,İmkansızım,2017-11-17,222328
Bazen (feat. Emel),Ezhel,7019237,"turkish hip hop, turkish pop",70,66,Müptezhel,2017-05-25,231007
Benim Stilim,Norm Ender,2087990,turkish hip hop,64,41,Aura,2017-02-03,213996
Kaktüs,Norm Ender,2087990,turkish hip hop,64,59,Aura,2017-02-03,201075
Sertlik Kanında Var Hayatın,Sagopa Kajmer,5376618,"turkish hip hop, rap",69,50,Sertlik Kanında Var Hayatın,2017-04-29,272790
366.Gün,Sagopa Kajmer,5376618,"turkish hip hop, rap",69,60,366.Gün,2017-01-01,235078
Ahmak Islatan,Sagopa Kajmer,5376618,"turkish hip hop, rap",69,55,Ahmak Islatan,2014-03-20,279327
Nilüfer,Müslüm Gürses,9481605,arabesk,69,71,Aşk Tesadüfleri Sever (Mucize ve Buluşma),2006-01-01,258159
Böyle Kahpedir Dünya,Gripin,1634823,"turkish pop, anatolian rock",61,55,Gripin,2007,262079
Paramparça,Teoman,2632299,"anatolian rock, turkish pop",64,60,17,2000-04-28,232533
Giderdi Hoşuma,Yaşlı Amca,1675746,,57,54,Akşamüstü,2017-09-01,220530
Geçemem Senden,İkilem,357546,turkish pop,55,48,Geçemem Senden,2022-05-06,207954
Kaybolurum Gülüşünde,İkilem,357546,turkish pop,55,61,Kaybolurum Gülüşünde,2021-04-09,201818
Bir Sebebi Var,İkilem,357546,turkish pop,55,61,Bir Sebebi Var,2020-10-09,210374
Seni Çok Özlüyorum,Tuğkan,1424833,turkish pop,57,59,Seni Çok Özlüyorum,2020-05-15,169469
O Ben Olamam,Mavi Gri,1681202,turkish pop,61,42,O Ben Olamam,2020-01-16,319270
Koptu İpim Düşüyorum,İkiye On Kala,1255300,turkish pop,53,52,Yaka Faça,2018-11-09,222123
Keder,Yaşlı Amca,1675746,,57,51,Yaşlı Amca,2020-01-10,254226
Neden Diye Sorma,Madrigal,1598773,turkish pop,61,52,Neden Diye Sorma,2015-03-11,237125
Ah Benim Hayatım,Adamlar,2217051,anatolian rock,62,53,Rüyalarda Buruşmuşuz,2016-10-27,237563
Kadın,Kubilay Karça,614661,"turkish hip hop, arabesk, turkish pop",58,44,Mücevher,2019-08-09,118476
Ölebilirim,Pera,786489,,55,0,Ölebilirim,2019-11-01,232705
Sar Bu Şehri - Akustik,Canozan,770334,,64,64,Dolunay,2018-11-16,204330
Seni Kırmışlar,Kubilay Karça,614661,"turkish hip hop, arabesk, turkish pop",58,58,Sen Böyle Değildin,2022-05-13,173250
Marlon Brando,Zeynep Bastık,2462361,"turkish pop, turkish hip hop",64,58,Zeynodisco,2021-05-21,210639
Bi' Tek Ben Anlarım,KÖFN,941760,turkish pop,53,59,Bi' Tek Ben Anlarım,2022-03-18,196250
Dip,Madrigal,1598773,turkish pop,61,65,Neogazino,2021-04-09,223950
Ben Ölürsem,Toygar Işıklı,437790,,63,48,Yargı (Music From The Original Tv Series),2022-01-11,266473
Bana Unutmayı Anlat,Cem Adrian,3757762,"arabesk, turkish pop",63,50,Bana Unutmayı Anlat,2022-04-29,192166
Çatı Katı,Gökhan Türkmen,1514692,turkish pop,67,66,En Baştan,2018-06-01,268280
Haydi Gel Benimle Ol,Sezen Aksu,13986198,"arabesk, turkish pop",74,49,Sen Ağlama,1984-09-06,271618
Sigara,Müslüm Gürses,9481605,arabesk,69,67,Yalan Dünya,2010-01-01,311240
GECELERİN DERDİ,BEGE,861553,turkish hip hop,56,0,BEGEFENDİ,2021-01-29,157220
Bu İş Bitmiş,Melek Mosso,1616915,"arabesk, turkish pop, turkish hip hop",59,0,Bu İş Bitmiş,2022-07-01,219622
velhasıl,Sıla,2350187,"turkish pop, arabesk",65,36,şarkıcı,2022-05-20,177870
Dünya Fani,cakal,3047330,"turkish hip hop, drill",66,53,Dünya Fani,2022-06-17,116572
Buz,Soner Sarıkabadayı,1085317,"turkish pop, t-pop",60,56,Buz,2020-12-23,265512
Mey,Model,1759049,"turkish pop, anatolian rock",64,70,Mey,2016-03-14,287118
İntihaşk,Onur Can Özcan,1557352,"turkish pop, arabesk",57,64,Yaramızda Kalsın,2018-07-27,192500
Beni Hatırladın mı,Cem Adrian,3757762,"arabesk, turkish pop",63,54,Tuz Buz,2017-11-13,243227
Toprak Yağmura - Akustik,Canozan,770334,,64,68,Dolunay,2018-11-16,236905
Ölsem,Sena Şener,861347,turkish pop,60,57,Ölsem,2019-03-07,214096
Yara,Kalben,1219649,turkish pop,63,70,Sonsuza Kadar,2017-11-06,213812
Ama Bana Bakma Öyle,VAGON,32816,,44,0,Mayıs Rüzgarı,2020-03-21,274000
Aklımda Biri Var,Belki Biraz,20833,,41,0,Modafinil,2020-01-17,157624
Sadece,Kalben,1219649,turkish pop,63,67,Kalben,2016-02-05,175996
Karbeyaz,Sertab Erener,2310274,turkish pop,68,56,Kırık Kalpler Albümü,2016-06-03,265820
İncelikler,Sertab Erener,2310274,turkish pop,68,50,Sertab Gibi,1997-03-21,328360
Lal,Sertab Erener,2310274,turkish pop,68,44,Lâ'l,1994-10-14,217469
Yalnızlık Senfonisi,Sertab Erener,2310274,turkish pop,68,43,Sakin Ol,1992-09-28,359240
"Aşk Ölmez, Biz Ölürüz",Sertab Erener,2310274,turkish pop,68,28,The Best of Sertab Erener,2007-03-09,271346
Bir Varmışım Bir Yokmuşum,Sertab Erener,2310274,turkish pop,68,35,Rengarenk,2010-06-02,197293
Porselen Kalbim,Sena Şener,861347,turkish pop,60,59,Porselen Kalbim,2022-03-11,315600
Olmazlara İnat,Berkay Altunyay,211864,turkish pop,52,63,Olmazlara İnat,2021-08-27,169419
Diğer Yarım,ATE,79230,"turkish hip hop, turkish pop",47,62,Diğer Yarım,2022-07-08,142853
Gül,Cem Adrian,3757762,"arabesk, turkish pop",63,29,Gül,2022-04-01,218024
HARMAN,BEGE,861553,turkish hip hop,56,0,BEGEFENDİ,2021-01-29,140687
Affet Beni Sevgilim,Ege Balkiz,19567,"turkish pop, turkish hip hop",43,0,Affet Beni Sevgilim,2021-07-16,166122
O Bi Karamel,Ozbi,568113,"turkish hip hop, turkish pop",56,0,Dünya'm 20:24,2020-08-07,197700
Hayatım Kaymış,Melek Mosso,1616915,"arabesk, turkish pop, turkish hip hop",59,0,Hayatım Kaymış,2021-08-13,246317
Kış Bahçeleri,Buray,2083364,turkish pop,63,63,Kehanet,2018-10-19,182762
Aşk,Gökhan Türkmen,1514692,turkish pop,67,60,Romantik,2020-11-19,224851
Bu Şarkı Aşka Yazıldı,Cem Adrian,3757762,"arabesk, turkish pop",63,28,Bu Şarkı Aşka Yazıldı,2020-04-27,250000
Ölebilirim,Bedo,399832,"turkish hip hop, turkish pop",59,60,Ölebilirim,2020-11-06,229421
Meyhaneler Sen...,Gece Yolcuları,818226,"turkish pop, anatolian rock",48,60,Neden?,2013-01-01,278640
Muhtemel Aşk,yirmi7,270647,turkish pop,51,62,Muhtemel Aşk,2015-12-18,276666
Altüst Olmuşum,Mavi Gri,1681202,turkish pop,61,68,Altüst Olmuşum,2020-09-04,202424
Yan Benimle,Sıla,2350187,"turkish pop, arabesk",65,67,Mürekkep,2016-06-03,283032
Saydim,Ogün Sanlısoy,312167,"anatolian rock, turkish pop",49,63,O Gun,2004-04-01,251360
Birader,Heijan,2079510,"turkish hip hop, turkish pop",62,0,Birader,2022-04-01,204553
Yıllar Utansın,Müslüm Gürses,9481605,arabesk,69,53,Mahsun Kul,2002-10-25,406773
Alışamadım,Sibel Bilgiç,38082,"arabesk, turkish pop",43,61,Alışamadım,1996-10-23,298893
Endamın Yeter,Kıraç,674418,"anatolian rock, turkish pop, arabesk",56,61,Zaman,2001-11-30,204474
Yağmurlar,Şebnem Ferah,2560933,"anatolian rock, turkish pop",71,74,Kadın,2013-01-01,306967
Ahtapotlar,Zakkum,1223721,"turkish pop, arabesk, anatolian rock",56,48,Zehr-i Zakkum,2007-01-01,242746
Endamın Yeter,Kıraç,674418,"anatolian rock, turkish pop, arabesk",56,61,Zaman,2001-11-30,204474
İstemem Söz Sevmeni,Ferman Akgül,100403,turkish pop,41,1,Yürüyorum İçimde,2017-03-24,214013
Yak Bizi,Whisky,20209,anatolian rock,17,22,Güneşin Tahtı,1996-01-01,284995
Tek Başına,Kramp,22617,anatolian rock,22,30,İstanbul Sokakları,1998-09-04,277093
İstanbul Sokakları,Kramp,22617,anatolian rock,22,23,İstanbul Sokakları,1998-09-04,359706
Loş Akşamlar,Objektif,11873,anatolian rock,25,23,Künye,2000-09-22,317370
Ögret Bana,Diken,8977,anatolian rock,16,24,Hedef Büyük,1998-05-04,264133
Zor Güzel,Kurban,156554,anatolian rock,42,29,İnsanlar,2005-01-01,251982
İnsanlar,Kurban,156554,anatolian rock,42,39,İnsanlar,2005-01-01,307664
Lan N'oldu,Kramp,22617,anatolian rock,22,26,Lan N'oldu,1996-06-04,395640
Eve Dönüyorum,80 Kalibre,6636,anatolian rock,12,6,Miras,2018-08-15,316666
Ayna,Whisky,20209,anatolian rock,17,13,Güneşin Tahtı,1996-01-01,288809
Kan,Pois,19608,turkish hip hop,44,46,Yüreğime Dokunma,2021-11-26,180060
Ölümle Yaşam Arasında,Mavi Gri,1681202,turkish pop,61,62,Ölümle Yaşam Arasında,2022-07-29,176052
Beyoğlu,Emir Can İğrek,3212805,turkish pop,66,44,Beyoğlu,2022-10-07,148402
Seni Rastgele Sevmedim,Zakkum,1223721,"turkish pop, arabesk, anatolian rock",56,58,Seni Rastgele Sevmedim,2022-06-24,160554
kördüğüm,Sefo,2993492,"turkish hip hop, turkish pop",67,0,kördüğüm,2022-08-19,166053
facia,Emir Can İğrek,3212805,turkish pop,66,49,facia,2022-07-22,145212
Nasır,Melike Şahin,1849859,"turkish pop, arabesk",65,2,Merhem,2021-02-26,270000
Adamım,Kader,20041,"turkish pop, arabesk",38,54,Adamım,1999-01-28,239560
Selamı Var,Sakiler,522782,"turkish pop, arabesk",57,47,Selamı Var,2021-05-21,198258
Aşk Bir Mevsim,Pinhani,2397918,"turkish pop, anatolian rock",61,57,Küçük Bir Evde,2021-04-30,328266
İyi Değilim Ben,Pinhani,2397918,"turkish pop, anatolian rock",61,53,Yollar Bizi Bekler,2019-02-15,249500
Yaşıyorum Sil Baştan,Ari Barokas,95503,anatolian rock,45,49,Lafıma Gücenme,2018-02-07,199466
Yangın Var,Ari Barokas,95503,anatolian rock,45,31,Lafıma Gücenme,2018-02-07,300000
Nafile,Ari Barokas,95503,anatolian rock,45,36,Lafıma Gücenme,2018-02-07,235093
Agah Makamı (Şahsiyet Orijinal Dizi Müzikleri) (feat. Rubato),Haluk Bilginer,5083,"turkish pop, arabesk, karadeniz folk, anatolian rock",30,30,Agah Makamı (Şahsiyet Orijinal Dizi Müzikleri) (feat. Rubato),2018-04-10,139988
75 Lira - Çıplak Ayaklar Stüdyosu 2013,Büyük Ev Ablukada,349247,,51,30,Ay Şuram Hâlâ Ağrıyo,2017-01-20,184064
Babildeki Bahçe,Ozbi,568113,"turkish hip hop, turkish pop",56,0,Rakılı Live 1. Seri,2016-10-07,274090
Dert Bende,Ferdi Özbeğen,274779,"arabesk, anatolian rock, turkish pop",61,45,Piyanist,1986,227266
Gavurlar,Ari Barokas,95503,anatolian rock,45,47,Lafıma Gücenme,2018-02-07,248490
Birşey Yapmalı,Moğollar,229734,"anatolian rock, oyun havasi",38,39,Dört Renk,1996-06-24,194403
Saklı Düşler,Cengiz Kurtoğlu,1502994,arabesk,60,57,Saklı Düşler,2014-09-02,263337
Acının İlacı,Adamlar,2217051,anatolian rock,62,60,Rüyalarda Buruşmuşuz,2016-10-27,287317
Sarılırım Birine,Adamlar,2217051,anatolian rock,62,67,Dünya Günlükleri,2019-04-12,393431
Uzunlar - V2,Evdeki Saat,478427,turkish pop,51,50,Uzunlar,2020-02-14,262588
Ne Zamandır Sendeyim,Madrigal,1598773,turkish pop,61,60,Neogazino,2021-04-09,201967
Çok Zaman Geçti Ardından,Pinhani,2397918,"turkish pop, anatolian rock",61,41,Küçük Bir Evde,2021-04-30,237802
Rüyalarda Buruşmuşum,Adamlar,2217051,anatolian rock,62,60,Rüyalarda Buruşmuşuz,2016-10-27,211533
Kelebekler,Madrigal,1598773,turkish pop,61,54,Kelebekler,2019-12-04,247129
Uyursam Geçer Mi?,Eskitilmiş Yaz,80041,,38,52,Kıyılara,2020-04-17,276847
Deme,Derya Bedavacı,799849,"arabesk, turkish pop",63,2,Deme,2019-10-24,201717
Kır Çiçeğim,Mavi Gri,1681202,turkish pop,61,42,Kır Çiçeğim,2021-04-28,259194
Yerle Bir Olurum,Mavi Gri,1681202,turkish pop,61,51,Yerle Bir Olurum,2021-08-27,199287
Zalim,Levent Yüksel,391681,turkish pop,54,56,Levent Yüksel'in 2. Cd'si,1996-01-10,278960
Aldırma Deli Gönlüm,Sertab Erener,2310274,turkish pop,68,55,Sakin Ol,1992-09-28,271933
Sevdam Ağlıyor,Sertab Erener,2310274,turkish pop,68,61,Lâ'l,1994-10-14,213028
Arnavut Kaldirimi,Demet Sağıroğlu,120357,turkish pop,43,58,Kınalı Bebek,1994-10-25,292426
Sarı Laleler,MFÖ,1176742,"anatolian rock, turkish pop",53,57,Agu,2006-04-07,200320
Eyvah Neye Yarar,İbrahim Tatlıses,2952144,"arabesk, oyun havasi, turkish pop",67,5,Bayar Halk Konserleri,1988-12-23,262124
Oy Asiye (Laz Ziya),Reyoss,7,,0,0,Oy Asiye (Laz Ziya),2023-03-20,354168
Çökertme,RaiderXD,2990,arabesk,33,0,Kardaşlar - Çökertme,2023-01-15,268632
Küllenen Aşk - Slowed & Reverb,th1nk,129,,0,0,Küllenen Aşk (Slowed & Reverb),2023-03-01,355813
Sandığımdan Herkes Babam Gibi Gülecek,Farazi,186215,turkish hip hop,55,52,Hayalet Islığı (Instrumentals),2013-09-13,220909
Miras (Live),Melike Şahin,1849859,"turkish pop, arabesk",65,0,Harbiye 2022 (Live),2023-03-24,221226
Bedelini Ödedim (Live),Melike Şahin,1849859,"turkish pop, arabesk",65,0,Harbiye 2022 (Live),2023-03-24,264223
Pusulam Rüzgar,Melike Şahin,1849859,"turkish pop, arabesk",65,60,Pusulam Rüzgar,2021-09-24,248755
Firuze (Live @ Harbiye Açık Hava Tiyatrosu),Melike Şahin,1849859,"turkish pop, arabesk",65,0,Merhem: İlk Konserler (Live),2022-02-25,234686
Tutuşmuş Beraber,Melike Şahin,1849859,"turkish pop, arabesk",65,61,Tutuşmuş Beraber,2018-09-07,279127
Deli Kan,Melike Şahin,1849859,"turkish pop, arabesk",65,59,Deli Kan,2017-11-17,248480
BEDELİNİ ÖDEDİM,Melike Şahin,1849859,"turkish pop, arabesk",65,0,Merhem,2021-02-26,225692
Geri Ver,Melike Şahin,1849859,"turkish pop, arabesk",65,55,Geri Ver,2020-02-07,266620
Kara Orman,Melike Şahin,1849859,"turkish pop, arabesk",65,51,Kara Orman,2019-09-06,235488
Ellerin Hani?,Melike Şahin,1849859,"turkish pop, arabesk",65,0,Ellerin Hani?,2023-01-13,185454
Olur Mu,Gazapizm,4185952,"turkish hip hop, turkish pop",63,63,Olur Mu,2022-10-21,209829
Unutulanlar,Farazi,186215,turkish hip hop,55,57,Hayalet Islığı (Instrumentals),2013-09-13,200000
Yarım Kalan Sigara,No.1,3632674,turkish hip hop,66,67,Kron1k,2021-03-21,183612
Alışamadım - Speed Up,artex,296,,0,0,Alışamadım (Speed Up),2022-12-28,211974
Yalan,Ari Barokas,95503,anatolian rock,45,48,Lafıma Gücenme,2018-02-07,227349
Ömrümüz Yine Geçiyor,Ari Barokas,95503,anatolian rock,45,48,Lafıma Gücenme,2018-02-07,185450
Yalnızlık Kanında Var,Ari Barokas,95503,anatolian rock,45,47,Lafıma Gücenme,2018-02-07,228266
Bir Seher Vaktinde,Siyasiyabend,35005,anatolian rock,33,36,Bir Seher Vaktinde,2021-12-03,260519
Kendimden Geçtim Ama,Hariçten Gazelciler,4867,anatolian rock,15,24,Hariçten Gazelciler 2,2013-04-05,182000
Beyni Yok,Ari Barokas,95503,anatolian rock,45,35,Lafıma Gücenme,2018-02-07,160917
Okyanus,Adamlar,2217051,anatolian rock,62,0,Harekete kimse mâni olamaz. Part II,2023-01-20,238143
Salaksın,Ari Barokas,95503,anatolian rock,45,44,Lafıma Gücenme,2018-02-07,312106
Halim Yok,Peyk,94003,,43,38,Halim Yok,2016-10-19,227653
Peyk,Peyk,94003,,43,37,Peyk,2020-09-28,256065
Felekten Saadet Çalınmaz,Ari Barokas,95503,anatolian rock,45,40,Bu Toprak Senin,2022-12-16,238000
Boşver - 2020 Remastered,Redd,386677,anatolian rock,58,41,Gecenin Fişi Yok (Akustik),2008-01-15,272653
Hayyyam,Siyasiyabend,35005,anatolian rock,33,38,Hayyyam,2020-10-15,410592
Egotango,Ari Barokas,95503,anatolian rock,45,41,Lafıma Gücenme,2018-02-07,343392
Koleler Ve Kilitler,Peyk,94003,,43,38,Koleler Ve Kilitler,2017-02-01,247870
Vazgeçtim Senden,Mavi Gri,1681202,turkish pop,61,38,Vazgeçtim Senden,2023-03-03,157758
Melekler,Sibel Can,1728559,"arabesk, turkish pop",61,55,Özledin Mi?,2005-02-24,286760
Yalanı Bırak,Sakiler,522782,"turkish pop, arabesk",57,58,Yalanı Bırak,2022-11-11,177751
Dön Ne Olur,Ebru Gündeş,4182393,"arabesk, turkish pop",72,57,Dön Ne Olur,1999-12-21,299866
Fırtınadayım,Mabel Matiz,5450427,turkish pop,67,65,Maya,2018-06-20,262165
Firuze,Sezen Aksu,13986198,"arabesk, turkish pop",74,49,Firuze,1982-01-01,304266
Garezi Var,Kahraman Deniz,1108044,turkish pop,61,61,23,2016-10-14,257000
Son Arzum,Skapova,311346,,59,60,Son Arzum,2022-09-05,203128
İcardi - Aşkın Olayım,harn,1303,,17,0,İcardi - Aşkın Olayım,2023-03-08,209815
HANÇER,Patron,1259904,turkish hip hop,56,33,HANÇER,2023-03-24,143343
Zor,Nev,136812,"turkish pop, anatolian rock",43,40,Zor,2021-06-18,259362
Sükut-u Hayal,Nev,136812,"turkish pop, anatolian rock",43,48,Işığım ve Gölgem,2007-01-01,274041
Susma,Nev,136812,"turkish pop, anatolian rock",43,42,Işığım ve Gölgem,2007-01-01,316023
Yokum,Nev,136812,"turkish pop, anatolian rock",43,7,Yokum,2011-01-01,236425
Gölgeler Mabedi,Nev,136812,"turkish pop, anatolian rock",43,4,Kıyısız Deniz,2014-05-12,327560
Davetsiz Misafir,Nev,136812,"turkish pop, anatolian rock",43,2,Kıyısız Deniz,2014-05-12,315626
Doldum,Adamlar,2217051,anatolian rock,62,59,Dünya Günlükleri,2019-04-12,442408
Benden Bana,Adamlar,2217051,anatolian rock,62,58,Dünya Günlükleri,2019-04-12,297653
Ayy / Ben Hala Rüyada,Oğuzhan Koç,1641516,"turkish pop, t-pop",62,61,Ben Hala Rüyada,2013-11-29,198537
Istanbul,Pamela,140645,"turkish pop, arabesk",52,61,Sehir Rehberi,2004-11-23,252333
Ben Böyleyim,Athena,1115823,"turkish pop, anatolian rock",54,55,Ben Böyleyim,2011,201409
Güneye Giderken,mor ve ötesi,2607858,"anatolian rock, turkish pop",63,50,Kayıtlar 2005-2016,2016-12-20,250026
Yak Gel,Funda Arar,1323564,"turkish pop, arabesk",63,68,Zamanın Eli,2009-02-16,240187
Sevmemeliyiz,Sena Şener,861347,turkish pop,60,64,İnsan Gelir İnsan Geçer,2018-09-14,358208
Biliyorsun,Sezen Aksu,13986198,"arabesk, turkish pop",74,52,Ağlamak Güzeldir,1981-01-01,316306
Bir Beyaz Orkide,Cihan Mürtezaoğlu,208138,turkish pop,51,66,Bitsin Bu Delilik,2016-09-30,225080
Yalnızca Sitem,Sezen Aksu,13986198,"arabesk, turkish pop",74,46,Git,1986-09-02,296080
Bir Çocuk Sevdim,Sezen Aksu,13986198,"arabesk, turkish pop",74,48,Sezen Aksu '88,1988-02-22,295920
Geri Dön,Sezen Aksu,13986198,"arabesk, turkish pop",74,51,Sen Ağlama,1984-09-06,259101
Sen Ağlama,Sezen Aksu,13986198,"arabesk, turkish pop",74,44,Sen Ağlama,1984-09-06,346196
Git...,Sezen Aksu,13986198,"arabesk, turkish pop",74,43,Git,1986-09-02,343106
Geçer,Sezen Aksu,13986198,"arabesk, turkish pop",74,37,Sezen Aksu '88,1988-02-22,260586
Beni Unutma,Sezen Aksu,13986198,"arabesk, turkish pop",74,36,Git,1986-09-02,293066
Ah,Duman,7441445,"anatolian rock, turkish pop",67,56,Belki Alışman Lazım,2002-10-16,293053
Kan ve Gül,Kıraç,674418,"anatolian rock, turkish pop, arabesk",56,57,Zaman,2001-11-30,260156
Akrebin Gözleri,Erkin Koray,811083,"anatolian rock, arabesk",53,37,Gün Ola Harman Ola,1996-05-10,424133
Aşkına Elveda,Cem Köksal,38802,anatolian rock,34,31,Vigilante Episode One,2011-03-30,235933
Gel Gönlümü Yerden Yere Vurma Güzel Ne Olursun,Melihat Gülses,59878,arabesk,36,38,Musikişinas Tüccarlarımız,2006-07-31,179629
Gemiler,Teoman,2632299,"anatolian rock, turkish pop",64,56,O,1998-06-19,260066
Böyle Ayrılık Olmaz,Kolpa,1040755,turkish pop,57,55,Yatağın Soğuk Tarafı,2011-01-01,215806
İyi Düşün Taşın,Mavi Işıklar,95199,anatolian rock,48,47,Mavi Işıklar - Türk Pop Tarihi,2002-01-01,150573
Özlem,Erkut Taçkın,20692,anatolian rock,29,34,Özlem,2014-11-10,178840
bi umudum var ben duramam,Sworthy,11,,0,0,bi umudum var ben duramam,2023-07-28,63806
Sarmaşık,Mabel Matiz,5450427,turkish pop,67,59,Maya,2018-06-20,278327
Yorma,Seksendört,1466688,"turkish pop, anatolian rock",60,3,Yorma,2017-05-26,237043
Duvar,Zeynep Casalini,29482,turkish pop,41,59,Nihayet,2004-01-01,253960
Sana Çıkıyor Yollar - Kaderimin Oyunu Orijinal Dizi Müziği,Derya Uluğ,1552474,"turkish pop, t-pop",59,67,Sana Çıkıyor Yollar (Kaderimin Oyunu Orijinal Dizi Müziği),2021-12-03,229135
Ağla Kalbim - Mix,MERT,79,,0,0,Ağla Kalbim - Mix,2023-12-17,132841
Seni Her Gördüğümde,Erkin Koray,811083,"anatolian rock, arabesk",53,59,Mesafeler,1974,199173
Aşkımız Bitecek,Erkin Koray,811083,"anatolian rock, arabesk",53,38,Mesafeler,1974,198866
Gün Ola Harman Ola,Erkin Koray,811083,"anatolian rock, arabesk",53,26,Gün Ola Harman Ola,1996-05-10,333426
Kıskanırım,Erkin Koray,811083,"anatolian rock, arabesk",53,22,Kıskanırım (45'lik),1971,222093
Estarabim (feat. Erkin Koray) - Radio version,Orphaned Land,87855,"folk metal, progressive metal, symphonic metal, metal",32,23,Orphaned Land & Friends,2017-05-12,280946
Tek Başıma,Sertab Erener,2310274,turkish pop,68,51,Kırık Kalpler Albümü,2016-06-03,261583
Ah Bu Ben,Mazhar Alanson,458155,"anatolian rock, turkish pop",47,56,Türk Lokumuyla Tatlı Rüyalar,2002-04-19,242226
Bahsetmem Lazım,Güliz Ayla,437913,turkish pop,50,64,Güliz Ayla,2015-10-02,198665
Aşk Şarkısı - Live,Şanışer,1110658,turkish hip hop,58,57,Aşk Şarkısı (Live),2022-08-01,233515
Yalan Dünya,Neşet Ertaş,3250952,"arabesk, oyun havasi, karadeniz folk, anatolian rock",55,57,Hata Benim,2000-11-15,384383
İlaç Ol Yaralarıma,Mavi Gri,1681202,turkish pop,61,58,İlaç Ol Yaralarıma,2023-11-24,160512
Hoşçakal,Şebnem Ferah,2560933,"anatolian rock, turkish pop",71,57,Can Kırıkları,2005-01-01,285512
Karakol,Mabel Matiz,5450427,turkish pop,67,49,Fatih,2023-07-21,273200
Yanımda Kal,Harun Kolçak,451906,turkish pop,53,58,Çeyrek Asır,2016-09-16,278821
İnceden İnceden,Tuğba Yurt,827594,"turkish pop, t-pop",54,63,İnceden İnceden,2017-09-20,191627
Çingenem,Ebru Gündeş,4182393,"arabesk, turkish pop",72,64,Dön Ne Olur,1999-12-21,190800
Karam,Hakan Peker,206592,turkish pop,52,61,İlla ki,2000-02-16,213720
Aşkın Yalanmış,Göksel,1782533,turkish pop,63,65,Bende Bi' Aşk Var,2012-01-09,243173
Kaç Yıl Geçti Aradan,Sezen Aksu,13986198,"arabesk, turkish pop",74,42,Serçe,1978-07-01,211600
Dillere Düşeceğiz Seninle,Gülşen,2348536,"turkish pop, t-pop",69,64,Önsöz,2009-03-23,218000
Yerine Sevemem,Gökhan Kırdar,98381,"turkish pop, arabesk",43,0,Serseri Mayın,1994-01-28,262000
Sol Yanım,Onur Macit,769,oyun havasi,0,1,Sol Yanım,2022-04-07,185739
Ölüyorum Anla,Mert Demir,808005,turkish pop,62,60,Ölüyorum Anla,2024-06-28,183896
Cehennemin Dibi,Mert Demir,808005,turkish pop,62,55,Cehennemin Dibi,2023-12-22,170943
Bir Sevmek Bin Defa Ölmek Demekmiş,3 Hürel,124728,anatolian rock,39,50,Efsane Yeniden,1996-06-13,303426
En Dibine Kadar,Dedublüman,2312951,"arabesk, turkish pop",69,65,En Dibine Kadar,2022-12-09,180917
Bir Bela,Hande Yener,2135132,"turkish pop, t-pop",68,3,Kraliçe,2013-05-20,273558
Acele Etme,Hande Yener,2135132,"turkish pop, t-pop",68,62,Aşk Kadın Ruhundan Anlamıyor,2012-06-04,307600
Ne Bu Neşe,Serdar Ortaç,2382453,"turkish pop, t-pop",68,56,Ray,2012-06-11,226873
Kim Bu Gözlerindeki Yabancı,Ebru Gündeş,4182393,"arabesk, turkish pop",72,57,Âşık,2019-01-31,207500
Benimki,Yalın,2487185,"turkish pop, t-pop",71,2,Benimki,2015-06-08,216151
Gülüşünde Bi' Şeyler Saklı,Mavi Gri,1681202,turkish pop,61,51,Gülüşünde Bi' Şeyler Saklı,2024-05-03,158000
Anlamazdın,Ayla Dikmen,201867,"arabesk, anatolian rock, turkish pop",54,69,Klasikler (Orijinal Kayıtlar),2006,222346
Aşkın Olayım,Simge,2300087,"turkish pop, t-pop",67,63,Ben Bazen,2018-06-01,251780
beni bul anne,,0,,0,0,yörük boyu,,234631
Mayıs 3,Rope,186960,"turkish hip hop, arabesk",50,49,Mayıs 3,2017-05-20,195343
Mayıs 6,Rope,186960,"turkish hip hop, arabesk",50,58,Mayıs 6,2020-05-06,243447
Ölüme İnat,Hidra,837174,turkish hip hop,58,61,Hedefte,2013-01-14,197590
Gibi,Hidra,837174,turkish hip hop,58,56,Holigan,2014-09-21,194181
Çünkü Bu,Hidra,837174,turkish hip hop,58,0,08-13,2012-12-31,185538
Aynı Dündeyiz,Hidra,837174,turkish hip hop,58,54,Yenilmez,2013-08-28,190909
Dönecek Yeniden,Hidra,837174,turkish hip hop,58,42,Holigan,2014-09-21,194181
Hayat Gibi,Toygar Işıklı,437790,,63,0,Hayat Gibi,2013-01-01,312626
Deva Bize Sevişler,Yalın,2487185,"turkish pop, t-pop",71,2,Deva Bize Sevişler,2019-02-19,218740
Halbuki,Yalın,2487185,"turkish pop, t-pop",71,69,Halbuki,2020-06-05,202325
Her şey Sensin,Yalın,2487185,"turkish pop, t-pop",71,71,Her şey Sensin,2007-03-23,276626
Sonsuz Ol - Remastered,Yalın,2487185,"turkish pop, t-pop",71,3,Ellerine Sağlık (Remastered),2004,252160
Küçücüğüm,Yalın,2487185,"turkish pop, t-pop",71,70,Bir Bakmışsın,2005-04-13,229511
Olmasa Da Olur,Yalın,2487185,"turkish pop, t-pop",71,63,Sen En Güzelsin,2012-07-04,224626
Zalim (Ellerine Sağlık) - Remastered,Yalın,2487185,"turkish pop, t-pop",71,3,Ellerine Sağlık (Remastered),2004,246960
Kaybolan Yıllar,Sezen Aksu,13986198,"arabesk, turkish pop",74,52,Serçe,1978-07-01,187653
Tükeneceğiz,Sezen Aksu,13986198,"arabesk, turkish pop",74,52,Sen Ağlama,1984-09-06,259359
Zalim,Sezen Aksu,13986198,"arabesk, turkish pop",74,51,Düş Bahçeleri,1996-07-14,278133
Bu Gece,Sezen Aksu,13986198,"arabesk, turkish pop",74,44,Sen Ağlama,1984-09-06,178679
Son Bakış,Sezen Aksu,13986198,"arabesk, turkish pop",74,47,Sezen Aksu Söylüyor,1989-07-07,352773
Sarı Odalar,Sezen Aksu,13986198,"arabesk, turkish pop",74,47,Deliveren,2000-06-02,350413
Kurşuni Renkler,Sezen Aksu,13986198,"arabesk, turkish pop",74,43,Yürüyorum Düş Bahçeleri'nde...,2009,277520
Masum Değiliz,Sezen Aksu,13986198,"arabesk, turkish pop",74,38,Deli Kızın Türküsü,1993-09-17,338266
Begonvil,Sezen Aksu,13986198,"arabesk, turkish pop",74,38,DEMO,2018-12-04,245835
Yansın İstanbul,Sezen Aksu,13986198,"arabesk, turkish pop",74,41,DEMO,2018-12-04,200060
Ne Kavgam Bitti Ne Sevdam,Sezen Aksu,13986198,"arabesk, turkish pop",74,38,Gülümse,1991-07-16,208613
Öyle Bir Geçer Zaman ki,Erkin Koray,811083,"anatolian rock, arabesk",53,54,Tamam Artık (Remastered),1990-06-29,319268
Şaşkın,Erkin Koray,811083,"anatolian rock, arabesk",53,53,Şaşkın,1974-05-22,260880
Mesafeler,Erkin Koray,811083,"anatolian rock, arabesk",53,37,Mesafeler,1974,216866
Estarabim,Erkin Koray,811083,"anatolian rock, arabesk",53,35,Şaşkın,1974-05-22,316093
Yolcu Yolunda Gerek,Erkin Koray,811083,"anatolian rock, arabesk",53,31,Hay Yam Yam,1989-01-26,326321
Gökteki Yıldızlar,Erkin Koray,811083,"anatolian rock, arabesk",53,25,Gün Ola Harman Ola,1996-05-10,270666
Kıskanırım Seni Ben,Erkin Koray,811083,"anatolian rock, arabesk",53,29,Tamam Artık (Remastered),1990-06-29,242926
Karlı Dağlar,Erkin Koray,811083,"anatolian rock, arabesk",53,24,Şaşkın,1974-05-22,216400
Tutturamazsın,Erkin Koray,811083,"anatolian rock, arabesk",53,22,Gün Ola Harman Ola,1996-05-10,279866
Uzat Serçe Parmağını,Erkin Koray,811083,"anatolian rock, arabesk",53,20,"Çöpçüler / Ceylan / Dünden Esintiler, Vol.2",1993-07-27,261106
Sevince,Erkin Koray,811083,"anatolian rock, arabesk",53,50,Şaşkın,1974-05-22,316546
Gül Pembe,Barış Manço,3052229,"anatolian rock, turkish pop, arabesk",63,57,"Mançoloji, Vol. 1",1999-02-23,308349
Sarı Çizmeli Mehmet Ağa,Barış Manço,3052229,"anatolian rock, turkish pop, arabesk",63,0,Sarı Çizmeli Mehmet Ağa,1993,267838
Canözüm,Gökhan Tepe,286351,"turkish pop, arabesk",51,0,Can Özüm,1999-02-17,324760
Dere Boyu Kavaklar,Barış Manço,3052229,"anatolian rock, turkish pop, arabesk",63,50,7'den Sonsuza Barış Manço Set,2014-01-01,313943
Dönence,Barış Manço,3052229,"anatolian rock, turkish pop, arabesk",63,42,Mançoloji 2,1999-02-23,370782
Gamzedeyim,Barış Manço,3052229,"anatolian rock, turkish pop, arabesk",63,45,7'den Sonsuza Barış Manço Set,2014-01-01,263471
Eğri Eğri Doğru Doğru,Barış Manço,3052229,"anatolian rock, turkish pop, arabesk",63,56,Eğri Eğri Doğru Doğru,1980,188663
Ahmet Beyin Ceketi,Barış Manço,3052229,"anatolian rock, turkish pop, arabesk",63,46,Sahibinden İhtiyaçtan,1989-12-07,343973
Aynalı Kemer,Barış Manço,3052229,"anatolian rock, turkish pop, arabesk",63,62,Sarı Çizmeli Mehmet Ağa,1993,185971
Kara Sevda,Barış Manço,3052229,"anatolian rock, turkish pop, arabesk",63,56,"Mançoloji, Vol. 1",1999-02-23,264698
Anlıyorsun Değil Mi,Barış Manço,3052229,"anatolian rock, turkish pop, arabesk",63,53,Sarı Çizmeli Mehmet Ağa,1993,130430
Seni Kaybettiğimde,Pera,786489,,55,47,En Güzel Mevsimim,2016-01-29,266413
Sevdiğim Kadın,Pera,786489,,55,47,Bir Başka Dünya,2012-12-21,233533
Çökertme,Cem Karaca,2015501,"anatolian rock, arabesk, turkish pop",57,50,"Cem Karaca Anısına, Vol. 3",1998-04-02,181973
Ceviz Ağacı,Cem Karaca,2015501,"anatolian rock, arabesk, turkish pop",57,56,Merhaba Gençler,1987,349160
Deniz Üstü Köpürür,Cem Karaca,2015501,"anatolian rock, arabesk, turkish pop",57,53,Cem Karaca Koleksiyon,2015-01-01,249960
Resimdeki Gözyaşları,Cem Karaca,2015501,"anatolian rock, arabesk, turkish pop",57,56,Cemaz-Ûl-Evvel (Güldeste),1994-11-01,185213
Kendim Ettim Kendim Buldum,Cem Karaca,2015501,"anatolian rock, arabesk, turkish pop",57,46,Anısına...,2004-03-26,243426
Bekle Beni,Cem Karaca,2015501,"anatolian rock, arabesk, turkish pop",57,40,"Ölümsüzler, Vol. 3",2016-02-05,201626
Sevda Kuşun Kanadında,Cem Karaca,2015501,"anatolian rock, arabesk, turkish pop",57,45,Töre,1994-02-02,421642
Kara Sevda,Cem Karaca,2015501,"anatolian rock, arabesk, turkish pop",57,40,Haykırış,1998-08-08,258626
Resimdeki Gözyaşı,Cem Karaca,2015501,"anatolian rock, arabesk, turkish pop",57,36,Töre,1994-02-02,182386
Bidanem,Cem Karaca,2015501,"anatolian rock, arabesk, turkish pop",57,26,Merhaba Gençler,1987,368133
1 Mayıs,Cem Karaca,2015501,"anatolian rock, arabesk, turkish pop",57,28,1 Mayıs - Durduramayacaklar Halkın Coşkun Akan Selini,1977-05-01,246780
Allah Yar,Cem Karaca,2015501,"anatolian rock, arabesk, turkish pop",57,34,Bindik Bir Alamete,1999,277420
Yarım Porsiyon Aydınlık,Cem Karaca,2015501,"anatolian rock, arabesk, turkish pop",57,33,Merhaba Gençler,1987,168040
Obur Dünya,Cem Karaca,2015501,"anatolian rock, arabesk, turkish pop",57,35,"Cem Karaca'nın Apaşlar, Kardaşlar, Moğollar, Ferdy Kleine'a Teşekkürleriyle",2016-01-01,175013
Dadaloğlu,Cem Karaca,2015501,"anatolian rock, arabesk, turkish pop",57,35,"Ölümsüzler, Vol. 3",2016-02-05,278506
Bindik Bir Alamete Gideyoz Kıyamete,Cem Karaca,2015501,"anatolian rock, arabesk, turkish pop",57,45,Bindik Bir Alamete,1999,213054
Beni Siz Delirttiniz,Cem Karaca,2015501,"anatolian rock, arabesk, turkish pop",57,43,Parka,1977-02-01,188746
Çökertme,Cem Karaca,2015501,"anatolian rock, arabesk, turkish pop",57,52,Haykırış,1998-08-08,181973
Ben Olmalıydım,Gülden Karaböcek,843558,"arabesk, anatolian rock",57,61,Duyarmısın Feryadımı (Gülden Karaböcek Altın Klasikleri),1987-08-26,305733
Gözüm Seni Görmese De,Gülden Karaböcek,843558,"arabesk, anatolian rock",57,59,"Ağlıyorsam Yaşıyorum - Gülden Karaböcek Klasikleri, Vol. 2",1987-08-26,231826
Ağlıyorsam Yaşıyorum,Gülden Karaböcek,843558,"arabesk, anatolian rock",57,57,"Ağlıyorsam Yaşıyorum - Gülden Karaböcek Klasikleri, Vol. 2",1987-08-26,236573
Tek Sevenim Sen Olsan,Gülden Karaböcek,843558,"arabesk, anatolian rock",57,38,"Ağlıyorsam Yaşıyorum - Gülden Karaböcek Klasikleri, Vol. 2",1987-08-26,309466
Ayrılık Kolyesi,Gülden Karaböcek,843558,"arabesk, anatolian rock",57,32,Müzik Ve Ben,2013-10-07,260293
Kaybolan Hayaller,Gülden Karaböcek,843558,"arabesk, anatolian rock",57,28,Müzik Ve Ben,2013-10-07,202146
Mahşer Gününde,Gülden Karaböcek,843558,"arabesk, anatolian rock",57,31,Gülden Fırtınası,1987-02-02,270047
Duyarmısın Feryadımı,Gülden Karaböcek,843558,"arabesk, anatolian rock",57,39,Duyarmısın Feryadımı (Gülden Karaböcek Altın Klasikleri),1987-08-26,366906
Bahtıma Yanarım,Gülden Karaböcek,843558,"arabesk, anatolian rock",57,28,Müzik Ve Ben,2013-10-07,263160
Can Mı Dayanır,Gülden Karaböcek,843558,"arabesk, anatolian rock",57,17,Gülden Fırtınası,1987-02-02,375240
Dur Bırakma Beni,Gülden Karaböcek,843558,"arabesk, anatolian rock",57,18,Orijinal Kayıtlar ve Remixler 1971 / 1973,2018-06-01,190171
Kısmetse Olur,Gülden Karaböcek,843558,"arabesk, anatolian rock",57,24,Kısmetse Olur,1992-05-29,202893
Dostum Dostum,Gülden Karaböcek,843558,"arabesk, anatolian rock",57,20,Dostum,1987-02-11,272133
Aşkın Gözyaşları,Gülden Karaböcek,843558,"arabesk, anatolian rock",57,21,Gülden Fırtınası,1987-02-02,214250
Elimde Fotoğrafın,Bergen,1772697,arabesk,55,62,Sevgimin Bedeli,1998,415456
Acıların Kadını,Bergen,1772697,arabesk,55,37,Acıların Kadını,1998-06-18,196282
Dertli Dertli,Bergen,1772697,arabesk,55,41,Acıların Kadını,1998-06-18,260555
Geceler,Bergen,1772697,arabesk,55,35,Sevgimin Bedeli,1998,235300
Bırakın Gitsin,Bergen,1772697,arabesk,55,26,İnsan Severse,1998-12-24,269333
Canım Dediklerim,Bergen,1772697,arabesk,55,36,Sevgimin Bedeli,1998,332194
Ayrılık Aşkımın Çilesi,Bergen,1772697,arabesk,55,22,İstemiyorum,1998,312933
Ne Oldu Sanki,Bergen,1772697,arabesk,55,25,Giden Gençliğim,2006-02-02,316466
Gücüm Kalmadı,Bergen,1772697,arabesk,55,22,Gücüm Kalmadı,2024-12-06,412488
Söyle Canım,Erol Evgin,293918,"turkish pop, anatolian rock, arabesk",56,56,Söyle Canım / Hep Böyle Kal,1980,210500
İçim Yanar,Ferdi Tayfur,1399340,arabesk,60,6,Mor Güller / Fadime'nin Düğünü,1994-03-03,258466
Hatıran Yeter,Ferdi Tayfur,1399340,arabesk,60,7,Hoşçakal,1990-10-16,287333
Sabahçı Kahvesi,Ferdi Tayfur,1399340,arabesk,60,6,Prangalar,1992-06-26,280266
Huzurum Kalmadı,Ferdi Tayfur,1399340,arabesk,60,55,Huzurum Kalmadı,2002-08-28,233638
Sigarayı Bıraktım,Ferdi Tayfur,1399340,arabesk,60,4,Zengin Olursam,1999-12-17,213293
Bana Da Söyle,Ferdi Tayfur,1399340,arabesk,60,3,Bana Da Söyle,1991-07-22,331000
Gitmeyin Yıllar,Ferdi Tayfur,1399340,arabesk,60,1,"Ferdifon'dan Seçmeler, Vol. 2",1987-02-04,353173
Hasret Sancısı,Ferdi Tayfur,1399340,arabesk,60,40,Ben de Özledim,1982,285698
Bir Yabancı Gibi,Ferdi Tayfur,1399340,arabesk,60,0,Ya Benimsin Ya Toprağın,1987,287026
Seni Dilendim,Ferdi Tayfur,1399340,arabesk,60,40,Sen de mi Leyla,1983,247866
Sensin Tesellim,Ferdi Tayfur,1399340,arabesk,60,0,Yaktı Beni,2004-11-24,256386
Bu Günler Yaşanacak,Ferdi Tayfur,1399340,arabesk,60,41,Nisan Yağmuru,2002-03-22,298999
Tövbekar,Ferdi Tayfur,1399340,arabesk,60,39,Yuvasız Kuşlar,2002-08-28,277043
Sen Nerdesin Ben Nerdeyim,Ferdi Tayfur,1399340,arabesk,60,0,Prangalar,1992-06-26,311560
Son Arzum,Nilüfer,1259419,"turkish pop, arabesk, anatolian rock",62,68,Selam Söyle,2004-05-14,206426
Sana Güvenmiyorum,Nilüfer Örer,6003,"turkish pop, arabesk",36,49,Şımarık,1997-01-01,219293
İnkar Etme,Nilüfer,1259419,"turkish pop, arabesk, anatolian rock",62,62,Sen Mühimsin,1990,255466
Rüyalara Sor,Mustafa Ceceli,1483295,"turkish pop, karadeniz folk, arabesk",59,52,Rüyalara Sor,2020-08-19,184782
İlle De Aşk,Mustafa Ceceli,1483295,"turkish pop, karadeniz folk, arabesk",59,53,Kalpten,2014-12-15,171504
Bedel,Mustafa Ceceli,1483295,"turkish pop, karadeniz folk, arabesk",59,43,Bedel,2019-10-18,200823
Sevenler Ağlarmış,3 Hürel,124728,anatolian rock,39,50,3 Hürel (Türk Pop Tarihi),1999-01-01,353693
Sana Değmez,3 Hürel,124728,anatolian rock,39,31,Efsane Yeniden,1996-06-13,294373
Haram,3 Hürel,124728,anatolian rock,39,28,3 Hürel (Türk Pop Tarihi),1999-01-01,158626
Ne Olurdu Sanki,3 Hürel,124728,anatolian rock,39,19,Efsane Yeniden,1996-06-13,270626
Ağlarsa Anam Ağlar,3 Hürel,124728,anatolian rock,39,25,1953 Hürel,1999-01-01,237906
Gönül Sabreyle Sabreyle,3 Hürel,124728,anatolian rock,39,21,3 Hürel (Türk Pop Tarihi),1999-01-01,264533
Son Günümüz,3 Hürel,124728,anatolian rock,39,15,1953 Hürel,1999-01-01,262933
Canım Kurban,3 Hürel,124728,anatolian rock,39,22,3 Hürel (Türk Pop Tarihi),1999-01-01,197893
Anlasana,İlhan İrem,193824,"anatolian rock, turkish pop, arabesk",46,53,Dünden Yarına,1988,266466
Boşver Arkadaş (Haydi Sil Gözlerini),İlhan İrem,193824,"anatolian rock, turkish pop, arabesk",46,46,Işık ve Sevgiyle 30 Yıl,2004,186800
Yazık Oldu Yarınlara,İlhan İrem,193824,"anatolian rock, turkish pop, arabesk",46,48,Dünden Yarına,1988,248200
Konuşamıyorum (Sazlıklardan Havalanan),İlhan İrem,193824,"anatolian rock, turkish pop, arabesk",46,49,Işık ve Sevgiyle 30 Yıl,2004,245506
Haydi Sil Gözlerini (Boşver Arkadaş),İlhan İrem,193824,"anatolian rock, turkish pop, arabesk",46,32,Dünden Yarına,1988,176093
Yolgeçen Hanı,İlhan İrem,193824,"anatolian rock, turkish pop, arabesk",46,32,Bezginin Gizli Mektupları,2000,165040
Sen Bilirsin,İlhan İrem,193824,"anatolian rock, turkish pop, arabesk",46,32,Işık ve Sevgiyle 30 Yıl,2004,213200
Ölmüş İçimde Hasret,İlhan İrem,193824,"anatolian rock, turkish pop, arabesk",46,24,Bezginin Gizli Mektupları,2000,191560
Bırak Kalsın Öylece,İlhan İrem,193824,"anatolian rock, turkish pop, arabesk",46,17,Bulutlara Köprü,2000,130293
İster İnan İster İnanma,İlhan İrem,193824,"anatolian rock, turkish pop, arabesk",46,12,Hayat Öpücüğü - The Best Of İlhan İrem 3,1998,236373
Bak Şu Aynaya,İlhan İrem,193824,"anatolian rock, turkish pop, arabesk",46,11,Düşler Ve Ötesi,2000,183506
Hoşgeldin,İlhan İrem,193824,"anatolian rock, turkish pop, arabesk",46,15,Sevgililer Günü - The Best Of İlhan İrem 1,1995,147400
Sevgi Sevgiyle Çoğalır,İlhan İrem,193824,"anatolian rock, turkish pop, arabesk",46,16,Düşler Ve Ötesi,2000,238626
Hayatın Üçüncü Gözü,İlhan İrem,193824,"anatolian rock, turkish pop, arabesk",46,18,İlhan-ı Aşk,1992,380933
"Yurtta Barış, Dünyada Barış",İlhan İrem,193824,"anatolian rock, turkish pop, arabesk",46,19,Dünden Yarına,1988,178440
Çöpçüler,Erkin Koray,811083,"anatolian rock, arabesk",53,56,"Çöpçüler / Ceylan / Dünden Esintiler, Vol.2",1993-07-27,239266
Gül Pembe,Barış Manço,3052229,"anatolian rock, turkish pop, arabesk",63,0,"Mançoloji, Vol. 1",1999-02-23,308349
Dağlar Dağlar - V1,Barış Manço,3052229,"anatolian rock, turkish pop, arabesk",63,0,7'den Sonsuza Barış Manço Set,2014-02-01,336133
Gibi Gibi - V2,Barış Manço,3052229,"anatolian rock, turkish pop, arabesk",63,0,7'den Sonsuza Barış Manço Set,2014-02-01,236904
Ele Güne Karşı,MFÖ,1176742,"anatolian rock, turkish pop",53,57,Ele Güne Karşı Yapayalnız,2013-01-29,189367
Ceviz Ağacı,Cem Karaca,2015501,"anatolian rock, arabesk, turkish pop",57,0,Merhaba Gençler,1994-02-02,349160
Namus Belası,Cem Karaca,2015501,"anatolian rock, arabesk, turkish pop",57,0,En İyileriyle Cem Karaca,2017-05-31,264753
Deniz Üstü Köpürür,Cem Karaca,2015501,"anatolian rock, arabesk, turkish pop",57,0,2.2.1973 Ankara,2016-02-02,248506
Islak Islak,Barış Akarsu,994237,"anatolian rock, karadeniz folk, turkish pop",53,0,Islak Islak,2004-12-31,286484
Gözlerin - Yalancı Yarim,Barış Akarsu,994237,"anatolian rock, karadeniz folk, turkish pop",53,0,Düşmeden Bulutlarda Koşmam Gerek,2006-08-03,190640
Aynalı Kemer,Barış Manço,3052229,"anatolian rock, turkish pop, arabesk",63,0,Barış Manço Forever,2014-02-01,186240
Bu Son Olsun,Cem Karaca,2015501,"anatolian rock, arabesk, turkish pop",57,0,Bu Son Olsun,2015-03-04,166000
Tamirci Çırağı,Cem Karaca,2015501,"anatolian rock, arabesk, turkish pop",57,56,Ölümsüzler,2004,296560
İşte Geldik Gidiyoruz,Cem Karaca,2015501,"anatolian rock, arabesk, turkish pop",57,46,Merhaba Gençler,1987,367840
Uzun İnce Bir Yoldayım,Özdemir Erdoğan,247549,"anatolian rock, arabesk, turkish pop",52,40,Yorumcu,1989,221800
Gönül Ferman Dinlemiyor,Barış Manço,3052229,"anatolian rock, turkish pop, arabesk",63,54,Sahibinden İhtiyaçtan,1989-12-07,288106
Yiyin Efendiler,Cem Karaca,2015501,"anatolian rock, arabesk, turkish pop",57,36,Yiyin Efendiler,2017-01-05,271240
Leylim Ley,Haramiler,156220,anatolian rock,43,35,Kar Yağıyor Bugün Ankara'ya,2002-06-26,295533
Dönence,Barış Manço,3052229,"anatolian rock, turkish pop, arabesk",63,58,Hal Hal,1989-12-22,404768
Sen De Başını Alıp Gitme,Cem Karaca,2015501,"anatolian rock, arabesk, turkish pop",57,48,Nerde Kalmıştık,1992-10-21,275330
Geçti Dost Kervanı,Barış Manço,3052229,"anatolian rock, turkish pop, arabesk",63,30,Estağfurullah Ne Haddimize!,1983-04-09,257799
Üryan Geldim,Cem Karaca,2015501,"anatolian rock, arabesk, turkish pop",57,37,Anadolu Efsaneleri,2013-12-29,257666
Yeni Bir Gün Doğdu Merhaba,Barış Manço,3052229,"anatolian rock, turkish pop, arabesk",63,43,Sarı Çizmeli Mehmet Ağa,1993,123866
Gurbet,Özdemir Erdoğan,247549,"anatolian rock, arabesk, turkish pop",52,60,Yorumcu,1989,206506
Aç Kapıyı Gir İçeri,Özdemir Erdoğan,247549,"anatolian rock, arabesk, turkish pop",52,0,Hayatım Şarkılarda,2001-05-02,236400
Hal Hal,Barış Manço,3052229,"anatolian rock, turkish pop, arabesk",63,38,"Mançoloji, Vol. 1",1999-02-23,228362
Aya Bak Yıldıza Bak,Tpao Batman Orkestrası,4578,anatolian rock,17,31,Şeker Alalım,1968-01-01,142422
Haram Geceler,Cem Kısmet - Pilli Bebek,89822,anatolian rock,50,60,Behzat Ç. (Orijinal Dizi ve Film Müzikleri),2012-07-05,274080
Sevmek İstiyorum,Erkut Taçkın,20692,anatolian rock,29,41,En İyileriyle Erkut Taçkın,1975,171333
Mihrimah,Nur Yoldas,19607,"anatolian rock, turkish pop",42,42,Sultan-ı Yegah,1998-06-11,303640
Ben Kimim,Candan Erçetin,1324074,"turkish pop, oyun havasi, arabesk",56,53,Kırık Kalpler Durağında,2009-01-01,268236
Kader Bağladı Bizi,Handan Kara,17474,"arabesk, turkish pop, anatolian rock",32,30,Kader Bağladı Bizi / Gidip Te Dönmemek Var,1973-04-02,248081
Sen Aslı'dan Da Güzelsin,Cumhur,2603,"anatolian rock, turkish pop",17,34,Sen Aslı'dan Da Güzelsin,1981-04-13,177569
Yalnızlar Rıhtımı,Korkut Koray,1605,anatolian rock,8,20,Yalnızlar Rıhtımı (45'lik),1969,189074
Ankara Rüzgarı,Nesrin Sipahi,26600,"anatolian rock, arabesk",43,41,"Nesrin Sipahi, Vol. 1",2000-03-30,203102
Olmalı mı Olmamalı mı,Bülent Ortaçgil,244690,"anatolian rock, turkish pop",43,42,Benimle Oynar Mısın,1993-04-15,131400
Olacak O Kadar,Gündoğarken,21585,"anatolian rock, turkish pop",42,32,Ankara'dan Abim Geldi,1993-05-03,196115
Yemyeşil Bir Deniz,İlhan İrem,193824,"anatolian rock, turkish pop, arabesk",46,40,Bezginin Gizli Mektupları,2000,358173
Hasret,Tanju Okan,120751,"anatolian rock, turkish pop, arabesk",44,35,Bir Zamanlar (Best Of),1999-08-13,182373
Mazi Kalbimde Yaradir,Esin Engin,31833,"tango, anatolian rock, turkish pop",34,39,Tangolar,1990-01-01,175560
İstemem,Erkin Koray,811083,"anatolian rock, arabesk",53,25,Mesafeler,1974,203413
Helvacı,Mavi Işıklar,95199,anatolian rock,48,38,Mavi Işıklar - Türk Pop Tarihi,2002-01-01,166626
Sarıldım Boşluğa,Enes Bozyiğit,422,"anatolian rock, arabesk",21,20,Sarıldım Boşluğa,2023-08-25,201600
Dere Boyu Kavaklar,Eren Can Maşalacı,124,anatolian rock,12,1,Zaman Yolcusu,2024-12-20,188048
Beraber Olsak,Enes Bozyiğit,422,"anatolian rock, arabesk",21,19,Beraber Olsak,2023-06-20,173875
Hekimoğlu,Eren Can Maşalacı,124,anatolian rock,12,0,Zaman Yolcusu,2024-12-20,186144
Ay Karanlık,Cem Karaca,2015501,"anatolian rock, arabesk, turkish pop",57,32,Cem Karaca Koleksiyon,2015-01-01,185160
Çark-ı Felek,Cem Karaca,2015501,"anatolian rock, arabesk, turkish pop",57,21,Merhaba Gençler,1987,248266
Çaya Kaç Şeker,Moğollar,229734,"anatolian rock, oyun havasi",38,34,Umut Yolunu Bulur,2009-11-25,262293
Gündüzüm Seninle,Ferdi Özbeğen,274779,"arabesk, anatolian rock, turkish pop",61,62,Bir Sır Gibi,1986,243146
Bir Gülü Sevdim,Ferdi Özbeğen,274779,"arabesk, anatolian rock, turkish pop",61,60,Piyanist,1986,249066
Büklüm Büklüm,Ferdi Özbeğen,274779,"arabesk, anatolian rock, turkish pop",61,55,Mutluluklar,1980-07-09,360234
Affetmem Asla Seni,Ferdi Özbeğen,274779,"arabesk, anatolian rock, turkish pop",61,42,Seviyorum Delicesine,1986,261546
Bir Sevgi İstiyorum,Ferdi Özbeğen,274779,"arabesk, anatolian rock, turkish pop",61,44,Piyanist,1986,214866
Bir İlkbahar Sabahı,Ferdi Özbeğen,274779,"arabesk, anatolian rock, turkish pop",61,37,Sevdiğiniz Şarkılar (Orijinal Plak Kayıtları),1986,297568
Haykıracak Nefesim Kalmasa Bile,Ferdi Özbeğen,274779,"arabesk, anatolian rock, turkish pop",61,38,Nerelerdeydiniz?,2013-01-30,201998
Akşam Olur Gizli Gizli,Ferdi Özbeğen,274779,"arabesk, anatolian rock, turkish pop",61,32,Bir Sır Gibi,1986,213586
Kaç Yıl Geçti Aradan,Ferdi Özbeğen,274779,"arabesk, anatolian rock, turkish pop",61,30,Teşekkürler,1979-05-17,214415
Rüyalarda Buluşuruz,Ferdi Özbeğen,274779,"arabesk, anatolian rock, turkish pop",61,32,Yaktı Geçti,1989-12-08,297533
Bir Fırtına Tuttu Bizi,Eylem Aktaş,81623,"arabesk, karadeniz folk, turkish pop",51,42,Özlem,2018-04-12,228146
Ayrılık Kolyesi,Ferdi Özbeğen,274779,"arabesk, anatolian rock, turkish pop",61,23,Teşekkürler,1979-05-17,273265
İşte Bu Bizim Hikayemiz,Ferdi Özbeğen,274779,"arabesk, anatolian rock, turkish pop",61,36,Nice Yıllara,1980,325360
Seni Bana Yazmışlar,Oya & Bora,23708,turkish pop,40,35,Seni Bana Yazmışlar,1992-11-04,204133
Yarası Saklım,Sezen Aksu,13986198,"arabesk, turkish pop",74,27,Düş Bahçeleri,1996-07-14,303986
Kan Çiçekleri,Zülfü Livaneli,555492,"anatolian rock, arabesk, turkish pop",48,0,Gökyüzü Herkesindir,2008,257866
Beni Hatırla,Ceylan Ertem,611595,"turkish pop, arabesk",47,42,Duyuyor Musun?,2022-08-05,307939
Aşkın Kederi,Manuş Baba,1007512,"turkish pop, arabesk",57,47,Dönersen Islık Çal,2017-04-27,229960
Benzemez Kimse Sana,Müzeyyen Senar,287278,"arabesk, anatolian rock",47,2,Saklı Kayıtlar (1934 - 1996),2010-01-22,157146
Okul Yolunda,Ümit Besen,731704,"arabesk, turkish pop",53,38,Nostalji,1998-06-05,243093
Elbet Bir Gün Buluşacağız,Müzeyyen Senar,287278,"arabesk, anatolian rock",47,39,Son Aşkımı Canlandıran,1987,352427
Sevmeyeceğim,Yıldız Tilbe,3793187,"arabesk, turkish pop",68,45,Haberi Olsun (New version),2002-05-02,247186
Taht Kurmuşsun Kalbime,Esengül,21006,"arabesk, traditional folk",30,41,Beterin Beteri Var / Taht Kurmuşsun Kalbime,2005-07-16,227613
Gamzedeyim Deva Bulmam,Müzeyyen Senar,287278,"arabesk, anatolian rock",47,43,"Yayınlanmamış Şarkılar, Vol. 2",2012-04-16,197146
Herşey Seni Hatırlatıyor,Muazzez Abacı,101329,arabesk,41,43,Efendim,1992-06-03,345200
Bak Yeşil Yeşil,Emel Sayın,228262,"arabesk, turkish pop",46,43,Türk Film Müzikleri,2006,242677
Bulamazsın,Zeki Müren,831664,"arabesk, anatolian rock",52,40,Hayat Öpücüğü,1987,309293
Asiye,Kâzım Koyuncu,1170316,"karadeniz folk, arabesk, anatolian rock, oyun havasi",55,43,Hayde,2004-03-17,285960
Gurbette Sevgilim,Ferdi Özbeğen,274779,"arabesk, anatolian rock, turkish pop",61,56,Piyanist,1986,270386
Yolcu Yolunda Gerek,Nilüfer,1259419,"turkish pop, arabesk, anatolian rock",62,44,Esmer Günler,1989,232000
Boş Vere Boş Vere,Nil Burak,98785,"turkish pop, anatolian rock, arabesk",40,34,Boş Vere Boş Vere,1980-05-25,222983
Kurumuş Bir Dal Gibiyim,Ferdi Özbeğen,274779,"arabesk, anatolian rock, turkish pop",61,33,Şarkılarım,1991-04-05,251733
Geceler Düşman,Aşkın Nur Yengi,831637,"turkish pop, arabesk",57,41,Kara Çiçeğim,1994-12-12,332560
Gökyüzünde Yalnız Gezen Yıldızlar,Zeki Müren,831664,"arabesk, anatolian rock",52,37,Anılarım,1990-05-29,214426
Kalbe Dolan O İlk Bakış,Nesrin Sipahi,26600,"anatolian rock, arabesk",43,38,"Nesrin Sipahi, Vol. 2",2000-03-30,188813
Ne Çok Çektim Hasretini,Müzeyyen Senar,287278,"arabesk, anatolian rock",47,22,Ben Seni Unutmak Için Sevmedim,2006-11-02,170480
Yıldızların Altında,Nesrin Sipahi,26600,"anatolian rock, arabesk",43,39,Odeon Yılları (Türk Sanat Müziği Serisi),2006-12-09,194373
Nasıl Geçti Habersiz O Güzelim Yıllarım,Zeki Müren,831664,"arabesk, anatolian rock",52,36,"Zeki Müren Klasikleri, Vol. 6",1970-01-20,208074
Beklenen Şarkı,Zeki Müren,831664,"arabesk, anatolian rock",52,39,Hayat Öpücüğü,1987,202800
Aşk Yok Olmaktır,Yıldız Tilbe,3793187,"arabesk, turkish pop",68,70,Aşkperest,1996-08-02,280560
Kız Sen İstanbul'un Neresindensin,Emel Sayın,228262,"arabesk, turkish pop",46,38,Sizlerle (Sevgisiz Yaşayamam),2007-03-12,261600
Deli Eylül,Hüsnü Arkan,182869,turkish pop,46,37,Kanat Sesleri,2023-10-08,220671
İki Keklik - Akustik,Ceren Gündoğdu,25733,turkish pop,39,35,Kalbimin Odalarından,2021-09-17,278871
Sorma,Ayşegül Aldinç,297677,turkish pop,51,42,Sorma / Benden Söylemesi,1991-05-30,233280
Kulaklarını Kapat,Stabil,542890,turkish hip hop,55,35,STANBUL,2024-11-08,165367
Mesele2,Stabil,542890,turkish hip hop,55,0,Stabil,2012-11-30,195213
Bilmeyen mi var ?,Stabil,542890,turkish hip hop,55,0,Bilmeyen mi var ?,2020-04-24,180674
Seke Seke,Stabil,542890,turkish hip hop,55,0,OKSMRN1,2021-07-30,131224
Sensiz Devam Edemem,Stabil,542890,turkish hip hop,55,0,OKSMRN2,2022-05-27,122026
Mesele,Stabil,542890,turkish hip hop,55,0,Stabil,2012-11-30,154070
O,Stabil,542890,turkish hip hop,55,0,O,2018-07-21,192094
Ben Kimim,Stabil,542890,turkish hip hop,55,0,Stabil,2012-11-30,167941
Gökyüzü,Stabil,542890,turkish hip hop,55,0,Gökyüzü,2018-09-17,181365
MATHILDA,Stabil,542890,turkish hip hop,55,0,OKSMRN1,2021-07-30,213926
İstanbul,Stabil,542890,turkish hip hop,55,47,STANBUL,2024-11-08,170333
Uyu,Stabil,542890,turkish hip hop,55,0,Stabil,2012-11-30,154853
Reenkarne,Stabil,542890,turkish hip hop,55,0,Reenkarne,2018-12-12,331281
Sokak Güvercini,Stabil,542890,turkish hip hop,55,51,Sokak Güvercini,2018-01-13,189691
Serseri Bey,Stabil,542890,turkish hip hop,55,0,Serseri Bey,2019-04-26,243391
Lavanta,Stabil,542890,turkish hip hop,55,0,Stabil,2012-11-30,91271
Neopolis Şekli,Stabil,542890,turkish hip hop,55,38,Neopolis Şekli,2023-03-10,171789
Fani,Emre Altuğ,388448,turkish pop,51,30,Fani,2025-01-24,168330
Ben Kalbimin Orta Yerine Seni Yazdım V2,Burak,4062,turkish pop,16,0,Ben Kalbimin Orta Yerine Seni Yazdım V2,2024-04-30,235891
Kapak Olsun,Defkhan,410533,turkish hip hop,54,56,Kapak Olsun,2023-07-28,147135
Ela Gözlüm,Cem Adrian,3757762,"arabesk, turkish pop",63,0,Essentials / Seçkiler 2,2016-01-15,243826
son defa,Gece Üç Gibi,1330,,13,18,son defa,2025-02-14,203346
UYUMADIM,Alpir,220,turkish hip hop,9,19,UYUMADIM,2024-12-13,198910
Canın Beni Çekti,Melike Şahin,1849859,"turkish pop, arabesk",65,3,AKKOR,2024-11-08,193621
Durma Yürüsene,Melike Şahin,1849859,"turkish pop, arabesk",65,3,AKKOR,2024-11-08,221842
Diva Yorgun,Melike Şahin,1849859,"turkish pop, arabesk",65,3,Diva Yorgun,2023-06-16,259703
Canın Beni Çekti,Melike Şahin,1849859,"turkish pop, arabesk",65,3,Canın Beni Çekti,2024-09-25,193621
Korkmasam Ölürdüm,Melike Şahin,1849859,"turkish pop, arabesk",65,0,AKKOR,2024-11-08,284754
Öpmem Lâzım,Melike Şahin,1849859,"turkish pop, arabesk",65,0,Merhem,2021-02-26,258677
Sanki Rüya,Birsen Tezer,220873,turkish pop,50,55,Kağıttan Kaptanlar,2023-04-28,222791
Medcezir,Levent Yüksel,391681,turkish pop,54,60,Med Cezir,1993-05-14,273920
Papatya,Hirai Zerdüş,309986,arabesk,59,58,Papatya,2019-05-10,188082
Hüznün Gemileri,Ekin Uzunlar,396960,"karadeniz folk, turkish pop, arabesk",53,59,Hüznün Gemileri,2018-11-01,286582
Harika,Ebru Gündeş,4182393,"arabesk, turkish pop",72,62,Evet,2008-09-25,198608
Havaalanı,Hande Yener,2135132,"turkish pop, t-pop",68,2,Teşekkürler,2011-01-01,225000
Seviyorsun,Hande Yener,2135132,"turkish pop, t-pop",68,1,"Hepsi Hit, Vol. 1",2016-06-06,219112
Bana Aşk Ver,Aynur Aydın,463482,"turkish pop, t-pop",50,1,Bana Aşk Ver,2017-12-08,188755
Aşkım (By Volga Tamöz),Bengü,1767479,"turkish pop, t-pop, arabesk",65,57,Dört Dörtlük,2011-06-08,200124
Telli Turnam,Musa Eroğlu,992207,"arabesk, karadeniz folk",56,40,Kavimler Kapısı Anadolu,1998-10-21,234466
Eda,Emre Fel,659556,"anatolian rock, turkish pop",61,50,Eda,2025-02-14,202409
Tatildeyim,Emre Altuğ,388448,turkish pop,51,25,Tatildeyim,2024-04-30,171289
Senden Güzeli Mi Var,Emre Fel,659556,"anatolian rock, turkish pop",61,56,VEDA TÜRKÜSÜ,2023-12-22,203914
Delalım,Akif Çekirge,11115,"oyun havasi, arabesk",45,30,Akif Çekirge Eşliğinde Şanlıurfa Asbap Geceleri ( Vol.1 ),2006,279680
Gir Kanıma,Harun Kolçak,451906,turkish pop,53,57,Beni Affet,1991-11-14,227000
Ben Değilim,Mela Bedel,123014,turkish pop,57,6,Ben Değilim,2024-11-15,222613
Ben Sana Gelemem,Mela Bedel,123014,turkish pop,57,7,Ben Sana Gelemem,2024-02-23,192475
KENDİNE İNAN,Mela Bedel,123014,turkish pop,57,42,Bölüm Sonu,2023-04-14,149849
Bu Gece Uyumamışam,Akif Çekirge,11115,"oyun havasi, arabesk",45,27,Akif Çekirge Eşliğinde Şanlıurfa Asbap Geceleri ( Vol.1 ),2006,237666
Hele Ninna,Yahya Çekirge,1558,"oyun havasi, arabesk",34,27,Akif Çekirge Eşliğinde Asbap Geceleri ( Vol.2 ),2005-03-01,201480
Kundurama Kum Doldu,Akif Çekirge,11115,"oyun havasi, arabesk",45,26,Akif Çekirge Eşliğinde Şanlıurfa Asbap Geceleri ( Vol.3 ),2008,168440
Bahçe Duvarından Aştım,İbocan,24324,oyun havasi,41,56,Aşkımsın Sen (Vay Gençliğim),2016-03-29,230199
Işıklı Yol,İzel,346876,"turkish pop, arabesk",54,65,Işıklı Yol,2007-06-01,264829
Bir Fotoğraf Karesinde,Rope,186960,"turkish hip hop, arabesk",50,42,Bir Fotoğraf Karesinde,2020-07-31,175500
Aleni Aleni,Volkan Konak,663106,"karadeniz folk, arabesk, turkish pop",56,63,Manolya,2015-04-22,235974
Yarim Yarim,Volkan Konak,663106,"karadeniz folk, arabesk, turkish pop",56,55,Mimoza,2009-01-26,263866
Göklerde Kartal Gibiydim,Volkan Konak,663106,"karadeniz folk, arabesk, turkish pop",56,46,Mimoza,2009-01-26,231800
Herkesin Bir Derdi Var (Cerrahpaşa),Volkan Konak,663106,"karadeniz folk, arabesk, turkish pop",56,52,Maranda,2003-12-17,256173
Deniz Üstü Köpürür,Cem Karaca,2015501,"anatolian rock, arabesk, turkish pop",57,44,"Anısına, Vol. 2",1998-05-04,249960
Farazi V Kayra - (Bir) Fotoğrafın Rüyası,,0,,0,0,Hayalet Islığı,,220380
Üç Kitap ve Naralar,,0,,0,0,Yağmurlu Bir Gün,,252145
Zorun Ne Sevgilim,İrem Derici,1553537,"turkish pop, t-pop",61,47,İki,2013-09-18,223686
Dünyanın En Güzel Kızı,Mavi Gri,1681202,turkish pop,61,62,Gök Mavi Yer Gri,2022-12-09,217750
Vazgeç Artık Rüyalarımdan,Mavi Gri,1681202,turkish pop,61,59,Vazgeç Artık Rüyalarımdan,2023-12-22,194500
O Ben Olamam,Mavi Gri,1681202,turkish pop,61,58,Gök Mavi Yer Gri,2022-12-09,319270
Aklımı Kaçırdım,Mavi Gri,1681202,turkish pop,61,60,İlkyaz Yağmuru,2018-05-25,184032
Ben Sende Yandım - Mavi,Mavi Gri,1681202,turkish pop,61,58,İlkyaz Yağmuru,2018-05-25,205961
İkili Delilik,Sezen Aksu,13986198,"arabesk, turkish pop",74,40,Bahane,2005-02-10,274160
Alev Alev,Feridun Düzağaç,837070,"anatolian rock, turkish pop",49,55,Orjinal Alt Yazılı,2013-03-11,266186
Şanıma İnanma,Sezen Aksu,13986198,"arabesk, turkish pop",74,44,Bahane,2005-02-10,235773
Ya Ya Ya Ya,Hande Yener,2135132,"turkish pop, t-pop",68,58,İki Deli,2015-12-11,176706
Bu Benim Hayatım,No.1,3632674,turkish hip hop,66,66,Bu Benim Hayatım,2015-09-12,139572
İçimde Dinmez Sızısın,Grup A1,1458,anatolian rock,12,28,Yeşil Gözler Sürmeli / İçimde Dinmez Sızısın,1979-05-11,269750
Seviyorum Delicesine,Ferdi Özbeğen,274779,"arabesk, anatolian rock, turkish pop",61,56,Seviyorum Delicesine,1986,201693
Dilek Taşı,Ferdi Özbeğen,274779,"arabesk, anatolian rock, turkish pop",61,51,Şarkılarım,1991-04-05,300426
Başkası Mı Var,Ferdi Özbeğen,274779,"arabesk, anatolian rock, turkish pop",61,49,Belki Bir Gün (Orijinal Plak Kayıtları),1985,222750
Ara Beni Lütfen,Kenan Doğulu,1248329,"turkish pop, t-pop",66,75,Festival,2006-06-13,279799
Keşke,Yalın,2487185,"turkish pop, t-pop",71,62,Bir Bakmışsın,2005-04-13,297430
Benden Adam Olmaz,Şehrin Azizleri,2234,anatolian rock,22,39,Benden Adam Olmaz,2018-11-15,231102
Dolunay,Reynmen,3191624,"turkish pop, turkish hip hop",62,56,RnBesk,2020-02-02,199022
Naber?,Hande Yener,2135132,"turkish pop, t-pop",68,45,Mükemmel,2014-06-02,198661
Unutamadım,Barış Manço,3052229,"anatolian rock, turkish pop, arabesk",63,53,"Mançoloji, Vol. 1",1999-02-23,267441
Güzel Kadın,Raviş,37031,,35,51,Güzel Kadın,2015-10-16,216771
Yabani,Aşkın Nur Yengi,831637,"turkish pop, arabesk",57,57,Haberci,1997-06-06,223840
Benimle Oynama,Burak Kut,201773,turkish pop,48,57,Benimle Oynama / Çılgınım,1994-04-29,256959
İkinci Bahar,Sezen Aksu,13986198,"arabesk, turkish pop",74,46,Firuze,1982-01-01,164080
Zor Kadın,Sertab Erener,2310274,turkish pop,68,53,Sertab Erener,1999-03-24,228826
Sen Banasın,Cihan Mürtezaoğlu,208138,turkish pop,51,49,Bitsin Bu Delilik,2016-09-30,254760
Denize Bıraksam,Göksel,1782533,turkish pop,63,53,Sen Orda Yoksun,2015-01-01,214144
